CategoryKey,CategoryName,SubcategoryName,Domain
Unknown,Unknown,General,General / Other
Category 55_Subcategory 170,Category 55,Subcategory 170,Enterprise Application Services
Category 40_Subcategory 215,Category 40,Subcategory 215,Network & Security Perimeter
Category 20_Subcategory 125,Category 20,Subcategory 125,Cloud Storage & Database
Category 9_Subcategory 97,Category 9,Subcategory 97,Compute & Virtualization
Category 53_Subcategory 168,Category 53,Subcategory 168,Enterprise Application Services
Category 44_Subcategory 229,Category 44,Subcategory 229,Network & Security Perimeter
Category 45_Subcategory 229,Category 45,Subcategory 229,Network & Security Perimeter
Category 45_Subcategory 94,Category 45,Subcategory 94,Network & Security Perimeter
Category 55_Subcategory 185,Category 55,Subcategory 185,Enterprise Application Services
Category 9_Subcategory 110,Category 9,Subcategory 110,Compute & Virtualization
Category 9_Subcategory 164,Category 9,Subcategory 164,Compute & Virtualization
Category 53_Subcategory 271,Category 53,Subcategory 271,Enterprise Application Services
Category 45_Subcategory 220,Category 45,Subcategory 220,Network & Security Perimeter
Category 42_Subcategory 224,Category 42,Subcategory 224,Network & Security Perimeter
Category 32_Subcategory 9,Category 32,Subcategory 9,Network & Security Perimeter
Category 8_Subcategory 291,Category 8,Subcategory 291,Compute & Virtualization
Category 24_Subcategory 164,Category 24,Subcategory 164,Cloud Storage & Database
Category 53_Subcategory 194,Category 53,Subcategory 194,Enterprise Application Services
Category 42_Subcategory 106,Category 42,Subcategory 106,Network & Security Perimeter
Category 45_Subcategory 191,Category 45,Subcategory 191,Network & Security Perimeter
Category 61_Subcategory 164,Category 61,Subcategory 164,Enterprise Application Services
Category 37_Subcategory 135,Category 37,Subcategory 135,Network & Security Perimeter
Category 26_Subcategory 175,Category 26,Subcategory 175,Cloud Storage & Database
Category 45_Subcategory 223,Category 45,Subcategory 223,Network & Security Perimeter
Category 53_Subcategory 130,Category 53,Subcategory 130,Enterprise Application Services
Category 55_Subcategory 23,Category 55,Subcategory 23,Enterprise Application Services
Category 45_Subcategory 47,Category 45,Subcategory 47,Network & Security Perimeter
Category 45_Subcategory 107,Category 45,Subcategory 107,Network & Security Perimeter
Category 53_Subcategory 127,Category 53,Subcategory 127,Enterprise Application Services
Category 44_Subcategory 54,Category 44,Subcategory 54,Network & Security Perimeter
Category 23_Subcategory 75,Category 23,Subcategory 75,Cloud Storage & Database
Category 62_Subcategory 192,Category 62,Subcategory 192,Enterprise Application Services
Category 53_Subcategory 303,Category 53,Subcategory 303,Enterprise Application Services
Category 53_Subcategory 114,Category 53,Subcategory 114,Enterprise Application Services
Category 55_Subcategory 120,Category 55,Subcategory 120,Enterprise Application Services
Category 20_Subcategory 103,Category 20,Subcategory 103,Cloud Storage & Database
Category 45_Subcategory 200,Category 45,Subcategory 200,Network & Security Perimeter
Category 23_Subcategory 3,Category 23,Subcategory 3,Cloud Storage & Database
Category 37_Subcategory 123,Category 37,Subcategory 123,Network & Security Perimeter
Category 61_Subcategory 16,Category 61,Subcategory 16,Enterprise Application Services
Category 55_Subcategory 270,Category 55,Subcategory 270,Enterprise Application Services
Category 55_Subcategory 167,Category 55,Subcategory 167,Enterprise Application Services
Category 37_Subcategory 144,Category 37,Subcategory 144,Network & Security Perimeter
Category 17_Subcategory 90,Category 17,Subcategory 90,Cloud Storage & Database
Category 42_Subcategory 31,Category 42,Subcategory 31,Network & Security Perimeter
Category 45_Subcategory 29,Category 45,Subcategory 29,Network & Security Perimeter
Category 53_Subcategory 13,Category 53,Subcategory 13,Enterprise Application Services
Category 13_Subcategory 302,Category 13,Subcategory 302,Compute & Virtualization
Category 53_Subcategory 113,Category 53,Subcategory 113,Enterprise Application Services
Category 35_Subcategory 28,Category 35,Subcategory 28,Network & Security Perimeter
Category 53_Subcategory 109,Category 53,Subcategory 109,Enterprise Application Services
Category 45_Subcategory 88,Category 45,Subcategory 88,Network & Security Perimeter
Category 26_Subcategory 164,Category 26,Subcategory 164,Cloud Storage & Database
Category 53_Subcategory 117,Category 53,Subcategory 117,Enterprise Application Services
Category 43_Subcategory 107,Category 43,Subcategory 107,Network & Security Perimeter
Category 8_Subcategory 156,Category 8,Subcategory 156,Compute & Virtualization
Category 45_Subcategory 150,Category 45,Subcategory 150,Network & Security Perimeter
Category 40_Subcategory 44,Category 40,Subcategory 44,Network & Security Perimeter
Category 34_Subcategory 162,Category 34,Subcategory 162,Network & Security Perimeter
Category 19_Subcategory 289,Category 19,Subcategory 289,Cloud Storage & Database
Category 53_Subcategory 80,Category 53,Subcategory 80,Enterprise Application Services
Category 46_Subcategory 231,Category 46,Subcategory 231,Enterprise Application Services
Category 63_Subcategory 164,Category 63,Subcategory 164,Enterprise Application Services
Category 53_Subcategory 83,Category 53,Subcategory 83,Enterprise Application Services
Category 51_Subcategory 25,Category 51,Subcategory 25,Enterprise Application Services
Category 53_Subcategory 153,Category 53,Subcategory 153,Enterprise Application Services
Category 43_Subcategory 105,Category 43,Subcategory 105,Network & Security Perimeter
Category 22_Subcategory 277,Category 22,Subcategory 277,Cloud Storage & Database
Category 19_Subcategory 4,Category 19,Subcategory 4,Cloud Storage & Database
Category 37_Subcategory 189,Category 37,Subcategory 189,Network & Security Perimeter
Category 34_Subcategory 112,Category 34,Subcategory 112,Network & Security Perimeter
Category 53_Subcategory 78,Category 53,Subcategory 78,Enterprise Application Services
Category 61_Subcategory 283,Category 61,Subcategory 283,Enterprise Application Services
Category 34_Subcategory 154,Category 34,Subcategory 154,Network & Security Perimeter
Category 30_Subcategory 175,Category 30,Subcategory 175,Cloud Storage & Database
Category 35_Subcategory 132,Category 35,Subcategory 132,Network & Security Perimeter
Category 53_Subcategory 225,Category 53,Subcategory 225,Enterprise Application Services
Category 9_Subcategory 52,Category 9,Subcategory 52,Compute & Virtualization
Category 45_Subcategory 208,Category 45,Subcategory 208,Network & Security Perimeter
Category 34_Subcategory 151,Category 34,Subcategory 151,Network & Security Perimeter
Category 31_Subcategory 176,Category 31,Subcategory 176,Network & Security Perimeter
Category 17_Subcategory 12,Category 17,Subcategory 12,Cloud Storage & Database
Category 51_Subcategory 301,Category 51,Subcategory 301,Enterprise Application Services
Category 15_Subcategory 135,Category 15,Subcategory 135,Compute & Virtualization
Category 9_Subcategory 202,Category 9,Subcategory 202,Compute & Virtualization
Category 44_Subcategory 65,Category 44,Subcategory 65,Network & Security Perimeter
Category 46_Subcategory 245,Category 46,Subcategory 245,Enterprise Application Services
Category 53_Subcategory 173,Category 53,Subcategory 173,Enterprise Application Services
Category 47_Subcategory 164,Category 47,Subcategory 164,Enterprise Application Services
Category 24_Subcategory 228,Category 24,Subcategory 228,Cloud Storage & Database
Category 22_Subcategory 40,Category 22,Subcategory 40,Cloud Storage & Database
Category 46_Subcategory 259,Category 46,Subcategory 259,Enterprise Application Services
Category 26_Subcategory 275,Category 26,Subcategory 275,Cloud Storage & Database
Category 53_Subcategory 169,Category 53,Subcategory 169,Enterprise Application Services
Category 7_Subcategory 86,Category 7,Subcategory 86,Compute & Virtualization
Category 53_Subcategory 269,Category 53,Subcategory 269,Enterprise Application Services
Category 46_Subcategory 251,Category 46,Subcategory 251,Enterprise Application Services
Category 53_Subcategory 140,Category 53,Subcategory 140,Enterprise Application Services
Category 51_Subcategory 6,Category 51,Subcategory 6,Enterprise Application Services
Category 51_Subcategory 182,Category 51,Subcategory 182,Enterprise Application Services
Category 53_Subcategory 20,Category 53,Subcategory 20,Enterprise Application Services
Category 53_Subcategory 274,Category 53,Subcategory 274,Enterprise Application Services
Category 45_Subcategory 207,Category 45,Subcategory 207,Network & Security Perimeter
Category 53_Subcategory 46,Category 53,Subcategory 46,Enterprise Application Services
Category 44_Subcategory 57,Category 44,Subcategory 57,Network & Security Perimeter
Category 46_Subcategory 223,Category 46,Subcategory 223,Enterprise Application Services
Category 46_Subcategory 47,Category 46,Subcategory 47,Enterprise Application Services
Category 55_Subcategory 101,Category 55,Subcategory 101,Enterprise Application Services
Category 46_Subcategory 261,Category 46,Subcategory 261,Enterprise Application Services
Category 53_Subcategory 219,Category 53,Subcategory 219,Enterprise Application Services
Category 53_Subcategory 50,Category 53,Subcategory 50,Enterprise Application Services
Category 46_Subcategory 258,Category 46,Subcategory 258,Enterprise Application Services
Category 46_Subcategory 174,Category 46,Subcategory 174,Enterprise Application Services
Category 24_Subcategory 30,Category 24,Subcategory 30,Cloud Storage & Database
Category 42_Subcategory 223,Category 42,Subcategory 223,Network & Security Perimeter
Category 40_Subcategory 174,Category 40,Subcategory 174,Network & Security Perimeter
Category 55_Subcategory 305,Category 55,Subcategory 305,Enterprise Application Services
Category 45_Subcategory 115,Category 45,Subcategory 115,Network & Security Perimeter
Category 46_Subcategory 115,Category 46,Subcategory 115,Enterprise Application Services
Category 55_Subcategory 166,Category 55,Subcategory 166,Enterprise Application Services
Category 55_Subcategory 184,Category 55,Subcategory 184,Enterprise Application Services
Category 55_Subcategory 67,Category 55,Subcategory 67,Enterprise Application Services
Category 53_Subcategory 174,Category 53,Subcategory 174,Enterprise Application Services
Category 35_Subcategory 48,Category 35,Subcategory 48,Network & Security Perimeter
Category 46_Subcategory 150,Category 46,Subcategory 150,Enterprise Application Services
Category 34_Subcategory 294,Category 34,Subcategory 294,Network & Security Perimeter
Category 44_Subcategory 59,Category 44,Subcategory 59,Network & Security Perimeter
Category 20_Subcategory 89,Category 20,Subcategory 89,Cloud Storage & Database
Category 9_Subcategory 204,Category 9,Subcategory 204,Compute & Virtualization
Category 57_Subcategory 227,Category 57,Subcategory 227,Enterprise Application Services
Category 9_Subcategory 198,Category 9,Subcategory 198,Compute & Virtualization
Category 45_Subcategory 262,Category 45,Subcategory 262,Network & Security Perimeter
Category 42_Subcategory 174,Category 42,Subcategory 174,Network & Security Perimeter
Category 46_Subcategory 255,Category 46,Subcategory 255,Enterprise Application Services
Category 53_Subcategory 116,Category 53,Subcategory 116,Enterprise Application Services
Category 46_Subcategory 191,Category 46,Subcategory 191,Enterprise Application Services
Category 31_Subcategory 276,Category 31,Subcategory 276,Network & Security Perimeter
Category 25_Subcategory 177,Category 25,Subcategory 177,Cloud Storage & Database
Category 24_Subcategory 174,Category 24,Subcategory 174,Cloud Storage & Database
Category 56_Subcategory 305,Category 56,Subcategory 305,Enterprise Application Services
Category 34_Subcategory 197,Category 34,Subcategory 197,Network & Security Perimeter
Category 17_Subcategory 99,Category 17,Subcategory 99,Cloud Storage & Database
Category 53_Subcategory 178,Category 53,Subcategory 178,Enterprise Application Services
Category 55_Subcategory 11,Category 55,Subcategory 11,Enterprise Application Services
Category 38_Subcategory 86,Category 38,Subcategory 86,Network & Security Perimeter
Category 9_Subcategory 145,Category 9,Subcategory 145,Compute & Virtualization
Category 13_Subcategory 69,Category 13,Subcategory 69,Compute & Virtualization
Category 45_Subcategory 199,Category 45,Subcategory 199,Network & Security Perimeter
Category 46_Subcategory 88,Category 46,Subcategory 88,Enterprise Application Services
Category 22_Subcategory 292,Category 22,Subcategory 292,Cloud Storage & Database
Category 40_Subcategory 43,Category 40,Subcategory 43,Network & Security Perimeter
Category 49_Subcategory 8,Category 49,Subcategory 8,Enterprise Application Services
Category 9_Subcategory 157,Category 9,Subcategory 157,Compute & Virtualization
Category 30_Subcategory 157,Category 30,Subcategory 157,Cloud Storage & Database
Category 4_Subcategory 282,Category 4,Subcategory 282,Compute & Virtualization
Category 8_Subcategory 281,Category 8,Subcategory 281,Compute & Virtualization
Category 53_Subcategory 179,Category 53,Subcategory 179,Enterprise Application Services
Category 57_Subcategory 153,Category 57,Subcategory 153,Enterprise Application Services
Category 45_Subcategory 177,Category 45,Subcategory 177,Network & Security Perimeter
Category 57_Subcategory 170,Category 57,Subcategory 170,Enterprise Application Services
Category 55_Subcategory 32,Category 55,Subcategory 32,Enterprise Application Services
Category 57_Subcategory 174,Category 57,Subcategory 174,Enterprise Application Services
Category 40_Subcategory 69,Category 40,Subcategory 69,Network & Security Perimeter
Category 30_Subcategory 275,Category 30,Subcategory 275,Cloud Storage & Database
Category 28_Subcategory 174,Category 28,Subcategory 174,Cloud Storage & Database
Category 57_Subcategory 184,Category 57,Subcategory 184,Enterprise Application Services
Category 53_Subcategory 298,Category 53,Subcategory 298,Enterprise Application Services
Category 55_Subcategory 146,Category 55,Subcategory 146,Enterprise Application Services
Category 55_Subcategory 161,Category 55,Subcategory 161,Enterprise Application Services
Category 57_Subcategory 146,Category 57,Subcategory 146,Enterprise Application Services
Category 55_Subcategory 196,Category 55,Subcategory 196,Enterprise Application Services
Category 46_Subcategory 260,Category 46,Subcategory 260,Enterprise Application Services
Category 61_Subcategory 36,Category 61,Subcategory 36,Enterprise Application Services
Category 55_Subcategory 124,Category 55,Subcategory 124,Enterprise Application Services
Category 20_Subcategory 174,Category 20,Subcategory 174,Cloud Storage & Database
Category 46_Subcategory 94,Category 46,Subcategory 94,Enterprise Application Services
Category 55_Subcategory 149,Category 55,Subcategory 149,Enterprise Application Services
Category 35_Subcategory 92,Category 35,Subcategory 92,Network & Security Perimeter
Category 63_Subcategory 111,Category 63,Subcategory 111,Enterprise Application Services
Category 55_Subcategory 118,Category 55,Subcategory 118,Enterprise Application Services
Category 63_Subcategory 203,Category 63,Subcategory 203,Enterprise Application Services
Category 53_Subcategory 100,Category 53,Subcategory 100,Enterprise Application Services
Category 53_Subcategory 18,Category 53,Subcategory 18,Enterprise Application Services
Category 55_Subcategory 159,Category 55,Subcategory 159,Enterprise Application Services
Category 26_Subcategory 174,Category 26,Subcategory 174,Cloud Storage & Database
Category 55_Subcategory 102,Category 55,Subcategory 102,Enterprise Application Services
Category 55_Subcategory 17,Category 55,Subcategory 17,Enterprise Application Services
Category 42_Subcategory 29,Category 42,Subcategory 29,Network & Security Perimeter
Category 57_Subcategory 270,Category 57,Subcategory 270,Enterprise Application Services
Category 46_Subcategory 249,Category 46,Subcategory 249,Enterprise Application Services
Category 57_Subcategory 159,Category 57,Subcategory 159,Enterprise Application Services
Category 19_Subcategory 174,Category 19,Subcategory 174,Cloud Storage & Database
Category 55_Subcategory 296,Category 55,Subcategory 296,Enterprise Application Services
Category 32_Subcategory 300,Category 32,Subcategory 300,Network & Security Perimeter
Category 53_Subcategory 142,Category 53,Subcategory 142,Enterprise Application Services
Category 42_Subcategory 183,Category 42,Subcategory 183,Network & Security Perimeter
Category 46_Subcategory 250,Category 46,Subcategory 250,Enterprise Application Services
Category 44_Subcategory 66,Category 44,Subcategory 66,Network & Security Perimeter
Category 57_Subcategory 101,Category 57,Subcategory 101,Enterprise Application Services
Category 46_Subcategory 248,Category 46,Subcategory 248,Enterprise Application Services
Category 23_Subcategory 174,Category 23,Subcategory 174,Cloud Storage & Database
Category 53_Subcategory 82,Category 53,Subcategory 82,Enterprise Application Services
Category 32_Subcategory 174,Category 32,Subcategory 174,Network & Security Perimeter
Category 41_Subcategory 177,Category 41,Subcategory 177,Network & Security Perimeter
Category 44_Subcategory 174,Category 44,Subcategory 174,Network & Security Perimeter
Category 34_Subcategory 174,Category 34,Subcategory 174,Network & Security Perimeter
Category 37_Subcategory 174,Category 37,Subcategory 174,Network & Security Perimeter
Category 9_Subcategory 174,Category 9,Subcategory 174,Compute & Virtualization
Category 46_Subcategory 233,Category 46,Subcategory 233,Enterprise Application Services
Category 46_Subcategory 252,Category 46,Subcategory 252,Enterprise Application Services
Category 53_Subcategory 68,Category 53,Subcategory 68,Enterprise Application Services
Category 17_Subcategory 174,Category 17,Subcategory 174,Cloud Storage & Database
Category 57_Subcategory 120,Category 57,Subcategory 120,Enterprise Application Services
Category 34_Subcategory 181,Category 34,Subcategory 181,Network & Security Perimeter
Category 46_Subcategory 208,Category 46,Subcategory 208,Enterprise Application Services
Category 57_Subcategory 218,Category 57,Subcategory 218,Enterprise Application Services
Category 57_Subcategory 188,Category 57,Subcategory 188,Enterprise Application Services
Category 13_Subcategory 174,Category 13,Subcategory 174,Compute & Virtualization
Category 44_Subcategory 60,Category 44,Subcategory 60,Network & Security Perimeter
Category 57_Subcategory 17,Category 57,Subcategory 17,Enterprise Application Services
Category 61_Subcategory 174,Category 61,Subcategory 174,Enterprise Application Services
Category 34_Subcategory 134,Category 34,Subcategory 134,Network & Security Perimeter
Category 46_Subcategory 243,Category 46,Subcategory 243,Enterprise Application Services
Category 7_Subcategory 174,Category 7,Subcategory 174,Compute & Virtualization
Category 46_Subcategory 220,Category 46,Subcategory 220,Enterprise Application Services
Category 51_Subcategory 174,Category 51,Subcategory 174,Enterprise Application Services
Category 57_Subcategory 167,Category 57,Subcategory 167,Enterprise Application Services
Category 53_Subcategory 187,Category 53,Subcategory 187,Enterprise Application Services
Category 53_Subcategory 226,Category 53,Subcategory 226,Enterprise Application Services
Category 34_Subcategory 205,Category 34,Subcategory 205,Network & Security Perimeter
Category 8_Subcategory 174,Category 8,Subcategory 174,Compute & Virtualization
Category 43_Subcategory 174,Category 43,Subcategory 174,Network & Security Perimeter
Category 46_Subcategory 247,Category 46,Subcategory 247,Enterprise Application Services
Category 19_Subcategory 163,Category 19,Subcategory 163,Cloud Storage & Database
Category 44_Subcategory 64,Category 44,Subcategory 64,Network & Security Perimeter
Category 57_Subcategory 185,Category 57,Subcategory 185,Enterprise Application Services
Category 57_Subcategory 166,Category 57,Subcategory 166,Enterprise Application Services
Category 37_Subcategory 285,Category 37,Subcategory 285,Network & Security Perimeter
Category 57_Subcategory 217,Category 57,Subcategory 217,Enterprise Application Services
Category 57_Subcategory 118,Category 57,Subcategory 118,Enterprise Application Services
Category 46_Subcategory 242,Category 46,Subcategory 242,Enterprise Application Services
Category 57_Subcategory 138,Category 57,Subcategory 138,Enterprise Application Services
Category 57_Subcategory 85,Category 57,Subcategory 85,Enterprise Application Services
Category 24_Subcategory 202,Category 24,Subcategory 202,Cloud Storage & Database
Category 53_Subcategory 172,Category 53,Subcategory 172,Enterprise Application Services
Category 41_Subcategory 53,Category 41,Subcategory 53,Network & Security Perimeter
Category 41_Subcategory 10,Category 41,Subcategory 10,Network & Security Perimeter
Category 46_Subcategory 246,Category 46,Subcategory 246,Enterprise Application Services
Category 46_Subcategory 72,Category 46,Subcategory 72,Enterprise Application Services
Category 38_Subcategory 174,Category 38,Subcategory 174,Network & Security Perimeter
Category 46_Subcategory 257,Category 46,Subcategory 257,Enterprise Application Services
Category 35_Subcategory 174,Category 35,Subcategory 174,Network & Security Perimeter
Category 56_Subcategory 171,Category 56,Subcategory 171,Enterprise Application Services
Category 25_Subcategory 158,Category 25,Subcategory 158,Cloud Storage & Database
Category 57_Subcategory 305,Category 57,Subcategory 305,Enterprise Application Services
Category 41_Subcategory 235,Category 41,Subcategory 235,Network & Security Perimeter
Category 7_Subcategory 164,Category 7,Subcategory 164,Compute & Virtualization
Category 54_Subcategory 129,Category 54,Subcategory 129,Enterprise Application Services
Category 22_Subcategory 174,Category 22,Subcategory 174,Cloud Storage & Database
Category 57_Subcategory 102,Category 57,Subcategory 102,Enterprise Application Services
Category 57_Subcategory 296,Category 57,Subcategory 296,Enterprise Application Services
Category 62_Subcategory 174,Category 62,Subcategory 174,Enterprise Application Services
Category 24_Subcategory 77,Category 24,Subcategory 77,Cloud Storage & Database
Category 29_Subcategory 177,Category 29,Subcategory 177,Cloud Storage & Database
Category 46_Subcategory 254,Category 46,Subcategory 254,Enterprise Application Services
Category 44_Subcategory 56,Category 44,Subcategory 56,Network & Security Perimeter
Category 46_Subcategory 244,Category 46,Subcategory 244,Enterprise Application Services
Category 3_Subcategory 177,Category 3,Subcategory 177,Compute & Virtualization
Category 45_Subcategory 232,Category 45,Subcategory 232,Network & Security Perimeter
Category 4_Subcategory 177,Category 4,Subcategory 177,Compute & Virtualization
Category 57_Subcategory 122,Category 57,Subcategory 122,Enterprise Application Services
Category 45_Subcategory 240,Category 45,Subcategory 240,Network & Security Perimeter
Category 13_Subcategory 209,Category 13,Subcategory 209,Compute & Virtualization
Category 47_Subcategory 174,Category 47,Subcategory 174,Enterprise Application Services
Category 24_Subcategory 42,Category 24,Subcategory 42,Cloud Storage & Database
Category 46_Subcategory 256,Category 46,Subcategory 256,Enterprise Application Services
Category 56_Subcategory 177,Category 56,Subcategory 177,Enterprise Application Services
Category 9_Subcategory 74,Category 9,Subcategory 74,Compute & Virtualization
Category 31_Subcategory 158,Category 31,Subcategory 158,Network & Security Perimeter
Category 53_Subcategory 287,Category 53,Subcategory 287,Enterprise Application Services
Category 42_Subcategory 177,Category 42,Subcategory 177,Network & Security Perimeter
Category 53_Subcategory 84,Category 53,Subcategory 84,Enterprise Application Services
Category 57_Subcategory 23,Category 57,Subcategory 23,Enterprise Application Services
Category 37_Subcategory 299,Category 37,Subcategory 299,Network & Security Perimeter
Category 53_Subcategory 279,Category 53,Subcategory 279,Enterprise Application Services
Category 45_Subcategory 241,Category 45,Subcategory 241,Network & Security Perimeter
Category 45_Subcategory 236,Category 45,Subcategory 236,Network & Security Perimeter
Category 63_Subcategory 174,Category 63,Subcategory 174,Enterprise Application Services
Category 45_Subcategory 254,Category 45,Subcategory 254,Network & Security Perimeter
Category 22_Subcategory 2,Category 22,Subcategory 2,Cloud Storage & Database
Category 57_Subcategory 11,Category 57,Subcategory 11,Enterprise Application Services
Category 53_Subcategory 213,Category 53,Subcategory 213,Enterprise Application Services
Category 57_Subcategory 273,Category 57,Subcategory 273,Enterprise Application Services
Category 57_Subcategory 141,Category 57,Subcategory 141,Enterprise Application Services
Category 44_Subcategory 62,Category 44,Subcategory 62,Network & Security Perimeter
Category 56_Subcategory 160,Category 56,Subcategory 160,Enterprise Application Services
Category 54_Subcategory 177,Category 54,Subcategory 177,Enterprise Application Services
Category 57_Subcategory 216,Category 57,Subcategory 216,Enterprise Application Services
Category 54_Subcategory 195,Category 54,Subcategory 195,Enterprise Application Services
Category 53_Subcategory 35,Category 53,Subcategory 35,Enterprise Application Services
Category 46_Subcategory 212,Category 46,Subcategory 212,Enterprise Application Services
Category 27_Subcategory 174,Category 27,Subcategory 174,Cloud Storage & Database
Category 57_Subcategory 33,Category 57,Subcategory 33,Enterprise Application Services
Category 53_Subcategory 34,Category 53,Subcategory 34,Enterprise Application Services
Category 57_Subcategory 67,Category 57,Subcategory 67,Enterprise Application Services
Category 33_Subcategory 96,Category 33,Subcategory 96,Network & Security Perimeter
Category 57_Subcategory 211,Category 57,Subcategory 211,Enterprise Application Services
Category 56_Subcategory 167,Category 56,Subcategory 167,Enterprise Application Services
Category 57_Subcategory 288,Category 57,Subcategory 288,Enterprise Application Services
Category 58_Subcategory 280,Category 58,Subcategory 280,Enterprise Application Services
Category 45_Subcategory 230,Category 45,Subcategory 230,Network & Security Perimeter
Category 2_Subcategory 45,Category 2,Subcategory 45,Compute & Virtualization
Category 21_Subcategory 177,Category 21,Subcategory 177,Cloud Storage & Database
Category 16_Subcategory 136,Category 16,Subcategory 136,Cloud Storage & Database
Category 21_Subcategory 104,Category 21,Subcategory 104,Cloud Storage & Database
Category 50_Subcategory 53,Category 50,Subcategory 53,Enterprise Application Services
Category 56_Subcategory 270,Category 56,Subcategory 270,Enterprise Application Services
Category 45_Subcategory 51,Category 45,Subcategory 51,Network & Security Perimeter
Category 59_Subcategory 210,Category 59,Subcategory 210,Enterprise Application Services
Category 12_Subcategory 165,Category 12,Subcategory 165,Compute & Virtualization
Category 45_Subcategory 253,Category 45,Subcategory 253,Network & Security Perimeter
Category 54_Subcategory 128,Category 54,Subcategory 128,Enterprise Application Services
Category 33_Subcategory 177,Category 33,Subcategory 177,Network & Security Perimeter
Category 45_Subcategory 234,Category 45,Subcategory 234,Network & Security Perimeter
Category 54_Subcategory 284,Category 54,Subcategory 284,Enterprise Application Services
Category 31_Subcategory 177,Category 31,Subcategory 177,Network & Security Perimeter
Category 56_Subcategory 193,Category 56,Subcategory 193,Enterprise Application Services
Category 50_Subcategory 177,Category 50,Subcategory 177,Enterprise Application Services
Category 45_Subcategory 235,Category 45,Subcategory 235,Network & Security Perimeter
Category 52_Subcategory 177,Category 52,Subcategory 177,Enterprise Application Services
Category 56_Subcategory 186,Category 56,Subcategory 186,Enterprise Application Services
Category 45_Subcategory 264,Category 45,Subcategory 264,Network & Security Perimeter
Category 5_Subcategory 177,Category 5,Subcategory 177,Compute & Virtualization
Category 6_Subcategory 87,Category 6,Subcategory 87,Compute & Virtualization
Category 44_Subcategory 177,Category 44,Subcategory 177,Network & Security Perimeter
Category 50_Subcategory 10,Category 50,Subcategory 10,Enterprise Application Services
Category 54_Subcategory 222,Category 54,Subcategory 222,Enterprise Application Services
Category 10_Subcategory 177,Category 10,Subcategory 177,Compute & Virtualization
Category 59_Subcategory 177,Category 59,Subcategory 177,Enterprise Application Services
Category 45_Subcategory 95,Category 45,Subcategory 95,Network & Security Perimeter
Category 56_Subcategory 119,Category 56,Subcategory 119,Enterprise Application Services
Category 45_Subcategory 237,Category 45,Subcategory 237,Network & Security Perimeter
Category 54_Subcategory 304,Category 54,Subcategory 304,Enterprise Application Services
Category 21_Subcategory 126,Category 21,Subcategory 126,Cloud Storage & Database
Category 33_Subcategory 37,Category 33,Subcategory 37,Network & Security Perimeter
Category 33_Subcategory 295,Category 33,Subcategory 295,Network & Security Perimeter
Category 48_Subcategory 99,Category 48,Subcategory 99,Enterprise Application Services
Category 54_Subcategory 279,Category 54,Subcategory 279,Enterprise Application Services
Category 33_Subcategory 152,Category 33,Subcategory 152,Network & Security Perimeter
Category 33_Subcategory 155,Category 33,Subcategory 155,Network & Security Perimeter
Category 16_Subcategory 131,Category 16,Subcategory 131,Cloud Storage & Database
Category 10_Subcategory 158,Category 10,Subcategory 158,Compute & Virtualization
Category 59_Subcategory 14,Category 59,Subcategory 14,Enterprise Application Services
Category 14_Subcategory 71,Category 14,Subcategory 71,Compute & Virtualization
Category 56_Subcategory 24,Category 56,Subcategory 24,Enterprise Application Services
Category 56_Subcategory 22,Category 56,Subcategory 22,Enterprise Application Services
Category 6_Subcategory 177,Category 6,Subcategory 177,Compute & Virtualization
