DateKey,Date,Year,Quarter,YearQuarter,Month,MonthName,MonthShort,YearMonth,YearMonthSort,WeekOfYear,DayOfWeek,DayName,DayShort,IsWeekend,IsBusinessDay
20160101,2016-01-01,2016,Q1,2016-Q1,1,January,Jan,2016-01,201601,53,5,Friday,Fri,0,1
20160102,2016-01-02,2016,Q1,2016-Q1,1,January,Jan,2016-01,201601,53,6,Saturday,Sat,1,0
20160103,2016-01-03,2016,Q1,2016-Q1,1,January,Jan,2016-01,201601,53,7,Sunday,Sun,1,0
20160104,2016-01-04,2016,Q1,2016-Q1,1,January,Jan,2016-01,201601,1,1,Monday,Mon,0,1
20160105,2016-01-05,2016,Q1,2016-Q1,1,January,Jan,2016-01,201601,1,2,Tuesday,Tue,0,1
20160106,2016-01-06,2016,Q1,2016-Q1,1,January,Jan,2016-01,201601,1,3,Wednesday,Wed,0,1
20160107,2016-01-07,2016,Q1,2016-Q1,1,January,Jan,2016-01,201601,1,4,Thursday,Thu,0,1
20160108,2016-01-08,2016,Q1,2016-Q1,1,January,Jan,2016-01,201601,1,5,Friday,Fri,0,1
20160109,2016-01-09,2016,Q1,2016-Q1,1,January,Jan,2016-01,201601,1,6,Saturday,Sat,1,0
20160110,2016-01-10,2016,Q1,2016-Q1,1,January,Jan,2016-01,201601,1,7,Sunday,Sun,1,0
20160111,2016-01-11,2016,Q1,2016-Q1,1,January,Jan,2016-01,201601,2,1,Monday,Mon,0,1
20160112,2016-01-12,2016,Q1,2016-Q1,1,January,Jan,2016-01,201601,2,2,Tuesday,Tue,0,1
20160113,2016-01-13,2016,Q1,2016-Q1,1,January,Jan,2016-01,201601,2,3,Wednesday,Wed,0,1
20160114,2016-01-14,2016,Q1,2016-Q1,1,January,Jan,2016-01,201601,2,4,Thursday,Thu,0,1
20160115,2016-01-15,2016,Q1,2016-Q1,1,January,Jan,2016-01,201601,2,5,Friday,Fri,0,1
20160116,2016-01-16,2016,Q1,2016-Q1,1,January,Jan,2016-01,201601,2,6,Saturday,Sat,1,0
20160117,2016-01-17,2016,Q1,2016-Q1,1,January,Jan,2016-01,201601,2,7,Sunday,Sun,1,0
20160118,2016-01-18,2016,Q1,2016-Q1,1,January,Jan,2016-01,201601,3,1,Monday,Mon,0,1
20160119,2016-01-19,2016,Q1,2016-Q1,1,January,Jan,2016-01,201601,3,2,Tuesday,Tue,0,1
20160120,2016-01-20,2016,Q1,2016-Q1,1,January,Jan,2016-01,201601,3,3,Wednesday,Wed,0,1
20160121,2016-01-21,2016,Q1,2016-Q1,1,January,Jan,2016-01,201601,3,4,Thursday,Thu,0,1
20160122,2016-01-22,2016,Q1,2016-Q1,1,January,Jan,2016-01,201601,3,5,Friday,Fri,0,1
20160123,2016-01-23,2016,Q1,2016-Q1,1,January,Jan,2016-01,201601,3,6,Saturday,Sat,1,0
20160124,2016-01-24,2016,Q1,2016-Q1,1,January,Jan,2016-01,201601,3,7,Sunday,Sun,1,0
20160125,2016-01-25,2016,Q1,2016-Q1,1,January,Jan,2016-01,201601,4,1,Monday,Mon,0,1
20160126,2016-01-26,2016,Q1,2016-Q1,1,January,Jan,2016-01,201601,4,2,Tuesday,Tue,0,1
20160127,2016-01-27,2016,Q1,2016-Q1,1,January,Jan,2016-01,201601,4,3,Wednesday,Wed,0,1
20160128,2016-01-28,2016,Q1,2016-Q1,1,January,Jan,2016-01,201601,4,4,Thursday,Thu,0,1
20160129,2016-01-29,2016,Q1,2016-Q1,1,January,Jan,2016-01,201601,4,5,Friday,Fri,0,1
20160130,2016-01-30,2016,Q1,2016-Q1,1,January,Jan,2016-01,201601,4,6,Saturday,Sat,1,0
20160131,2016-01-31,2016,Q1,2016-Q1,1,January,Jan,2016-01,201601,4,7,Sunday,Sun,1,0
20160201,2016-02-01,2016,Q1,2016-Q1,2,February,Feb,2016-02,201602,5,1,Monday,Mon,0,1
20160202,2016-02-02,2016,Q1,2016-Q1,2,February,Feb,2016-02,201602,5,2,Tuesday,Tue,0,1
20160203,2016-02-03,2016,Q1,2016-Q1,2,February,Feb,2016-02,201602,5,3,Wednesday,Wed,0,1
20160204,2016-02-04,2016,Q1,2016-Q1,2,February,Feb,2016-02,201602,5,4,Thursday,Thu,0,1
20160205,2016-02-05,2016,Q1,2016-Q1,2,February,Feb,2016-02,201602,5,5,Friday,Fri,0,1
20160206,2016-02-06,2016,Q1,2016-Q1,2,February,Feb,2016-02,201602,5,6,Saturday,Sat,1,0
20160207,2016-02-07,2016,Q1,2016-Q1,2,February,Feb,2016-02,201602,5,7,Sunday,Sun,1,0
20160208,2016-02-08,2016,Q1,2016-Q1,2,February,Feb,2016-02,201602,6,1,Monday,Mon,0,1
20160209,2016-02-09,2016,Q1,2016-Q1,2,February,Feb,2016-02,201602,6,2,Tuesday,Tue,0,1
20160210,2016-02-10,2016,Q1,2016-Q1,2,February,Feb,2016-02,201602,6,3,Wednesday,Wed,0,1
20160211,2016-02-11,2016,Q1,2016-Q1,2,February,Feb,2016-02,201602,6,4,Thursday,Thu,0,1
20160212,2016-02-12,2016,Q1,2016-Q1,2,February,Feb,2016-02,201602,6,5,Friday,Fri,0,1
20160213,2016-02-13,2016,Q1,2016-Q1,2,February,Feb,2016-02,201602,6,6,Saturday,Sat,1,0
20160214,2016-02-14,2016,Q1,2016-Q1,2,February,Feb,2016-02,201602,6,7,Sunday,Sun,1,0
20160215,2016-02-15,2016,Q1,2016-Q1,2,February,Feb,2016-02,201602,7,1,Monday,Mon,0,1
20160216,2016-02-16,2016,Q1,2016-Q1,2,February,Feb,2016-02,201602,7,2,Tuesday,Tue,0,1
20160217,2016-02-17,2016,Q1,2016-Q1,2,February,Feb,2016-02,201602,7,3,Wednesday,Wed,0,1
20160218,2016-02-18,2016,Q1,2016-Q1,2,February,Feb,2016-02,201602,7,4,Thursday,Thu,0,1
20160219,2016-02-19,2016,Q1,2016-Q1,2,February,Feb,2016-02,201602,7,5,Friday,Fri,0,1
20160220,2016-02-20,2016,Q1,2016-Q1,2,February,Feb,2016-02,201602,7,6,Saturday,Sat,1,0
20160221,2016-02-21,2016,Q1,2016-Q1,2,February,Feb,2016-02,201602,7,7,Sunday,Sun,1,0
20160222,2016-02-22,2016,Q1,2016-Q1,2,February,Feb,2016-02,201602,8,1,Monday,Mon,0,1
20160223,2016-02-23,2016,Q1,2016-Q1,2,February,Feb,2016-02,201602,8,2,Tuesday,Tue,0,1
20160224,2016-02-24,2016,Q1,2016-Q1,2,February,Feb,2016-02,201602,8,3,Wednesday,Wed,0,1
20160225,2016-02-25,2016,Q1,2016-Q1,2,February,Feb,2016-02,201602,8,4,Thursday,Thu,0,1
20160226,2016-02-26,2016,Q1,2016-Q1,2,February,Feb,2016-02,201602,8,5,Friday,Fri,0,1
20160227,2016-02-27,2016,Q1,2016-Q1,2,February,Feb,2016-02,201602,8,6,Saturday,Sat,1,0
20160228,2016-02-28,2016,Q1,2016-Q1,2,February,Feb,2016-02,201602,8,7,Sunday,Sun,1,0
20160229,2016-02-29,2016,Q1,2016-Q1,2,February,Feb,2016-02,201602,9,1,Monday,Mon,0,1
20160301,2016-03-01,2016,Q1,2016-Q1,3,March,Mar,2016-03,201603,9,2,Tuesday,Tue,0,1
20160302,2016-03-02,2016,Q1,2016-Q1,3,March,Mar,2016-03,201603,9,3,Wednesday,Wed,0,1
20160303,2016-03-03,2016,Q1,2016-Q1,3,March,Mar,2016-03,201603,9,4,Thursday,Thu,0,1
20160304,2016-03-04,2016,Q1,2016-Q1,3,March,Mar,2016-03,201603,9,5,Friday,Fri,0,1
20160305,2016-03-05,2016,Q1,2016-Q1,3,March,Mar,2016-03,201603,9,6,Saturday,Sat,1,0
20160306,2016-03-06,2016,Q1,2016-Q1,3,March,Mar,2016-03,201603,9,7,Sunday,Sun,1,0
20160307,2016-03-07,2016,Q1,2016-Q1,3,March,Mar,2016-03,201603,10,1,Monday,Mon,0,1
20160308,2016-03-08,2016,Q1,2016-Q1,3,March,Mar,2016-03,201603,10,2,Tuesday,Tue,0,1
20160309,2016-03-09,2016,Q1,2016-Q1,3,March,Mar,2016-03,201603,10,3,Wednesday,Wed,0,1
20160310,2016-03-10,2016,Q1,2016-Q1,3,March,Mar,2016-03,201603,10,4,Thursday,Thu,0,1
20160311,2016-03-11,2016,Q1,2016-Q1,3,March,Mar,2016-03,201603,10,5,Friday,Fri,0,1
20160312,2016-03-12,2016,Q1,2016-Q1,3,March,Mar,2016-03,201603,10,6,Saturday,Sat,1,0
20160313,2016-03-13,2016,Q1,2016-Q1,3,March,Mar,2016-03,201603,10,7,Sunday,Sun,1,0
20160314,2016-03-14,2016,Q1,2016-Q1,3,March,Mar,2016-03,201603,11,1,Monday,Mon,0,1
20160315,2016-03-15,2016,Q1,2016-Q1,3,March,Mar,2016-03,201603,11,2,Tuesday,Tue,0,1
20160316,2016-03-16,2016,Q1,2016-Q1,3,March,Mar,2016-03,201603,11,3,Wednesday,Wed,0,1
20160317,2016-03-17,2016,Q1,2016-Q1,3,March,Mar,2016-03,201603,11,4,Thursday,Thu,0,1
20160318,2016-03-18,2016,Q1,2016-Q1,3,March,Mar,2016-03,201603,11,5,Friday,Fri,0,1
20160319,2016-03-19,2016,Q1,2016-Q1,3,March,Mar,2016-03,201603,11,6,Saturday,Sat,1,0
20160320,2016-03-20,2016,Q1,2016-Q1,3,March,Mar,2016-03,201603,11,7,Sunday,Sun,1,0
20160321,2016-03-21,2016,Q1,2016-Q1,3,March,Mar,2016-03,201603,12,1,Monday,Mon,0,1
20160322,2016-03-22,2016,Q1,2016-Q1,3,March,Mar,2016-03,201603,12,2,Tuesday,Tue,0,1
20160323,2016-03-23,2016,Q1,2016-Q1,3,March,Mar,2016-03,201603,12,3,Wednesday,Wed,0,1
20160324,2016-03-24,2016,Q1,2016-Q1,3,March,Mar,2016-03,201603,12,4,Thursday,Thu,0,1
20160325,2016-03-25,2016,Q1,2016-Q1,3,March,Mar,2016-03,201603,12,5,Friday,Fri,0,1
20160326,2016-03-26,2016,Q1,2016-Q1,3,March,Mar,2016-03,201603,12,6,Saturday,Sat,1,0
20160327,2016-03-27,2016,Q1,2016-Q1,3,March,Mar,2016-03,201603,12,7,Sunday,Sun,1,0
20160328,2016-03-28,2016,Q1,2016-Q1,3,March,Mar,2016-03,201603,13,1,Monday,Mon,0,1
20160329,2016-03-29,2016,Q1,2016-Q1,3,March,Mar,2016-03,201603,13,2,Tuesday,Tue,0,1
20160330,2016-03-30,2016,Q1,2016-Q1,3,March,Mar,2016-03,201603,13,3,Wednesday,Wed,0,1
20160331,2016-03-31,2016,Q1,2016-Q1,3,March,Mar,2016-03,201603,13,4,Thursday,Thu,0,1
20160401,2016-04-01,2016,Q2,2016-Q2,4,April,Apr,2016-04,201604,13,5,Friday,Fri,0,1
20160402,2016-04-02,2016,Q2,2016-Q2,4,April,Apr,2016-04,201604,13,6,Saturday,Sat,1,0
20160403,2016-04-03,2016,Q2,2016-Q2,4,April,Apr,2016-04,201604,13,7,Sunday,Sun,1,0
20160404,2016-04-04,2016,Q2,2016-Q2,4,April,Apr,2016-04,201604,14,1,Monday,Mon,0,1
20160405,2016-04-05,2016,Q2,2016-Q2,4,April,Apr,2016-04,201604,14,2,Tuesday,Tue,0,1
20160406,2016-04-06,2016,Q2,2016-Q2,4,April,Apr,2016-04,201604,14,3,Wednesday,Wed,0,1
20160407,2016-04-07,2016,Q2,2016-Q2,4,April,Apr,2016-04,201604,14,4,Thursday,Thu,0,1
20160408,2016-04-08,2016,Q2,2016-Q2,4,April,Apr,2016-04,201604,14,5,Friday,Fri,0,1
20160409,2016-04-09,2016,Q2,2016-Q2,4,April,Apr,2016-04,201604,14,6,Saturday,Sat,1,0
20160410,2016-04-10,2016,Q2,2016-Q2,4,April,Apr,2016-04,201604,14,7,Sunday,Sun,1,0
20160411,2016-04-11,2016,Q2,2016-Q2,4,April,Apr,2016-04,201604,15,1,Monday,Mon,0,1
20160412,2016-04-12,2016,Q2,2016-Q2,4,April,Apr,2016-04,201604,15,2,Tuesday,Tue,0,1
20160413,2016-04-13,2016,Q2,2016-Q2,4,April,Apr,2016-04,201604,15,3,Wednesday,Wed,0,1
20160414,2016-04-14,2016,Q2,2016-Q2,4,April,Apr,2016-04,201604,15,4,Thursday,Thu,0,1
20160415,2016-04-15,2016,Q2,2016-Q2,4,April,Apr,2016-04,201604,15,5,Friday,Fri,0,1
20160416,2016-04-16,2016,Q2,2016-Q2,4,April,Apr,2016-04,201604,15,6,Saturday,Sat,1,0
20160417,2016-04-17,2016,Q2,2016-Q2,4,April,Apr,2016-04,201604,15,7,Sunday,Sun,1,0
20160418,2016-04-18,2016,Q2,2016-Q2,4,April,Apr,2016-04,201604,16,1,Monday,Mon,0,1
20160419,2016-04-19,2016,Q2,2016-Q2,4,April,Apr,2016-04,201604,16,2,Tuesday,Tue,0,1
20160420,2016-04-20,2016,Q2,2016-Q2,4,April,Apr,2016-04,201604,16,3,Wednesday,Wed,0,1
20160421,2016-04-21,2016,Q2,2016-Q2,4,April,Apr,2016-04,201604,16,4,Thursday,Thu,0,1
20160422,2016-04-22,2016,Q2,2016-Q2,4,April,Apr,2016-04,201604,16,5,Friday,Fri,0,1
20160423,2016-04-23,2016,Q2,2016-Q2,4,April,Apr,2016-04,201604,16,6,Saturday,Sat,1,0
20160424,2016-04-24,2016,Q2,2016-Q2,4,April,Apr,2016-04,201604,16,7,Sunday,Sun,1,0
20160425,2016-04-25,2016,Q2,2016-Q2,4,April,Apr,2016-04,201604,17,1,Monday,Mon,0,1
20160426,2016-04-26,2016,Q2,2016-Q2,4,April,Apr,2016-04,201604,17,2,Tuesday,Tue,0,1
20160427,2016-04-27,2016,Q2,2016-Q2,4,April,Apr,2016-04,201604,17,3,Wednesday,Wed,0,1
20160428,2016-04-28,2016,Q2,2016-Q2,4,April,Apr,2016-04,201604,17,4,Thursday,Thu,0,1
20160429,2016-04-29,2016,Q2,2016-Q2,4,April,Apr,2016-04,201604,17,5,Friday,Fri,0,1
20160430,2016-04-30,2016,Q2,2016-Q2,4,April,Apr,2016-04,201604,17,6,Saturday,Sat,1,0
20160501,2016-05-01,2016,Q2,2016-Q2,5,May,May,2016-05,201605,17,7,Sunday,Sun,1,0
20160502,2016-05-02,2016,Q2,2016-Q2,5,May,May,2016-05,201605,18,1,Monday,Mon,0,1
20160503,2016-05-03,2016,Q2,2016-Q2,5,May,May,2016-05,201605,18,2,Tuesday,Tue,0,1
20160504,2016-05-04,2016,Q2,2016-Q2,5,May,May,2016-05,201605,18,3,Wednesday,Wed,0,1
20160505,2016-05-05,2016,Q2,2016-Q2,5,May,May,2016-05,201605,18,4,Thursday,Thu,0,1
20160506,2016-05-06,2016,Q2,2016-Q2,5,May,May,2016-05,201605,18,5,Friday,Fri,0,1
20160507,2016-05-07,2016,Q2,2016-Q2,5,May,May,2016-05,201605,18,6,Saturday,Sat,1,0
20160508,2016-05-08,2016,Q2,2016-Q2,5,May,May,2016-05,201605,18,7,Sunday,Sun,1,0
20160509,2016-05-09,2016,Q2,2016-Q2,5,May,May,2016-05,201605,19,1,Monday,Mon,0,1
20160510,2016-05-10,2016,Q2,2016-Q2,5,May,May,2016-05,201605,19,2,Tuesday,Tue,0,1
20160511,2016-05-11,2016,Q2,2016-Q2,5,May,May,2016-05,201605,19,3,Wednesday,Wed,0,1
20160512,2016-05-12,2016,Q2,2016-Q2,5,May,May,2016-05,201605,19,4,Thursday,Thu,0,1
20160513,2016-05-13,2016,Q2,2016-Q2,5,May,May,2016-05,201605,19,5,Friday,Fri,0,1
20160514,2016-05-14,2016,Q2,2016-Q2,5,May,May,2016-05,201605,19,6,Saturday,Sat,1,0
20160515,2016-05-15,2016,Q2,2016-Q2,5,May,May,2016-05,201605,19,7,Sunday,Sun,1,0
20160516,2016-05-16,2016,Q2,2016-Q2,5,May,May,2016-05,201605,20,1,Monday,Mon,0,1
20160517,2016-05-17,2016,Q2,2016-Q2,5,May,May,2016-05,201605,20,2,Tuesday,Tue,0,1
20160518,2016-05-18,2016,Q2,2016-Q2,5,May,May,2016-05,201605,20,3,Wednesday,Wed,0,1
20160519,2016-05-19,2016,Q2,2016-Q2,5,May,May,2016-05,201605,20,4,Thursday,Thu,0,1
20160520,2016-05-20,2016,Q2,2016-Q2,5,May,May,2016-05,201605,20,5,Friday,Fri,0,1
20160521,2016-05-21,2016,Q2,2016-Q2,5,May,May,2016-05,201605,20,6,Saturday,Sat,1,0
20160522,2016-05-22,2016,Q2,2016-Q2,5,May,May,2016-05,201605,20,7,Sunday,Sun,1,0
20160523,2016-05-23,2016,Q2,2016-Q2,5,May,May,2016-05,201605,21,1,Monday,Mon,0,1
20160524,2016-05-24,2016,Q2,2016-Q2,5,May,May,2016-05,201605,21,2,Tuesday,Tue,0,1
20160525,2016-05-25,2016,Q2,2016-Q2,5,May,May,2016-05,201605,21,3,Wednesday,Wed,0,1
20160526,2016-05-26,2016,Q2,2016-Q2,5,May,May,2016-05,201605,21,4,Thursday,Thu,0,1
20160527,2016-05-27,2016,Q2,2016-Q2,5,May,May,2016-05,201605,21,5,Friday,Fri,0,1
20160528,2016-05-28,2016,Q2,2016-Q2,5,May,May,2016-05,201605,21,6,Saturday,Sat,1,0
20160529,2016-05-29,2016,Q2,2016-Q2,5,May,May,2016-05,201605,21,7,Sunday,Sun,1,0
20160530,2016-05-30,2016,Q2,2016-Q2,5,May,May,2016-05,201605,22,1,Monday,Mon,0,1
20160531,2016-05-31,2016,Q2,2016-Q2,5,May,May,2016-05,201605,22,2,Tuesday,Tue,0,1
20160601,2016-06-01,2016,Q2,2016-Q2,6,June,Jun,2016-06,201606,22,3,Wednesday,Wed,0,1
20160602,2016-06-02,2016,Q2,2016-Q2,6,June,Jun,2016-06,201606,22,4,Thursday,Thu,0,1
20160603,2016-06-03,2016,Q2,2016-Q2,6,June,Jun,2016-06,201606,22,5,Friday,Fri,0,1
20160604,2016-06-04,2016,Q2,2016-Q2,6,June,Jun,2016-06,201606,22,6,Saturday,Sat,1,0
20160605,2016-06-05,2016,Q2,2016-Q2,6,June,Jun,2016-06,201606,22,7,Sunday,Sun,1,0
20160606,2016-06-06,2016,Q2,2016-Q2,6,June,Jun,2016-06,201606,23,1,Monday,Mon,0,1
20160607,2016-06-07,2016,Q2,2016-Q2,6,June,Jun,2016-06,201606,23,2,Tuesday,Tue,0,1
20160608,2016-06-08,2016,Q2,2016-Q2,6,June,Jun,2016-06,201606,23,3,Wednesday,Wed,0,1
20160609,2016-06-09,2016,Q2,2016-Q2,6,June,Jun,2016-06,201606,23,4,Thursday,Thu,0,1
20160610,2016-06-10,2016,Q2,2016-Q2,6,June,Jun,2016-06,201606,23,5,Friday,Fri,0,1
20160611,2016-06-11,2016,Q2,2016-Q2,6,June,Jun,2016-06,201606,23,6,Saturday,Sat,1,0
20160612,2016-06-12,2016,Q2,2016-Q2,6,June,Jun,2016-06,201606,23,7,Sunday,Sun,1,0
20160613,2016-06-13,2016,Q2,2016-Q2,6,June,Jun,2016-06,201606,24,1,Monday,Mon,0,1
20160614,2016-06-14,2016,Q2,2016-Q2,6,June,Jun,2016-06,201606,24,2,Tuesday,Tue,0,1
20160615,2016-06-15,2016,Q2,2016-Q2,6,June,Jun,2016-06,201606,24,3,Wednesday,Wed,0,1
20160616,2016-06-16,2016,Q2,2016-Q2,6,June,Jun,2016-06,201606,24,4,Thursday,Thu,0,1
20160617,2016-06-17,2016,Q2,2016-Q2,6,June,Jun,2016-06,201606,24,5,Friday,Fri,0,1
20160618,2016-06-18,2016,Q2,2016-Q2,6,June,Jun,2016-06,201606,24,6,Saturday,Sat,1,0
20160619,2016-06-19,2016,Q2,2016-Q2,6,June,Jun,2016-06,201606,24,7,Sunday,Sun,1,0
20160620,2016-06-20,2016,Q2,2016-Q2,6,June,Jun,2016-06,201606,25,1,Monday,Mon,0,1
20160621,2016-06-21,2016,Q2,2016-Q2,6,June,Jun,2016-06,201606,25,2,Tuesday,Tue,0,1
20160622,2016-06-22,2016,Q2,2016-Q2,6,June,Jun,2016-06,201606,25,3,Wednesday,Wed,0,1
20160623,2016-06-23,2016,Q2,2016-Q2,6,June,Jun,2016-06,201606,25,4,Thursday,Thu,0,1
20160624,2016-06-24,2016,Q2,2016-Q2,6,June,Jun,2016-06,201606,25,5,Friday,Fri,0,1
20160625,2016-06-25,2016,Q2,2016-Q2,6,June,Jun,2016-06,201606,25,6,Saturday,Sat,1,0
20160626,2016-06-26,2016,Q2,2016-Q2,6,June,Jun,2016-06,201606,25,7,Sunday,Sun,1,0
20160627,2016-06-27,2016,Q2,2016-Q2,6,June,Jun,2016-06,201606,26,1,Monday,Mon,0,1
20160628,2016-06-28,2016,Q2,2016-Q2,6,June,Jun,2016-06,201606,26,2,Tuesday,Tue,0,1
20160629,2016-06-29,2016,Q2,2016-Q2,6,June,Jun,2016-06,201606,26,3,Wednesday,Wed,0,1
20160630,2016-06-30,2016,Q2,2016-Q2,6,June,Jun,2016-06,201606,26,4,Thursday,Thu,0,1
20160701,2016-07-01,2016,Q3,2016-Q3,7,July,Jul,2016-07,201607,26,5,Friday,Fri,0,1
20160702,2016-07-02,2016,Q3,2016-Q3,7,July,Jul,2016-07,201607,26,6,Saturday,Sat,1,0
20160703,2016-07-03,2016,Q3,2016-Q3,7,July,Jul,2016-07,201607,26,7,Sunday,Sun,1,0
20160704,2016-07-04,2016,Q3,2016-Q3,7,July,Jul,2016-07,201607,27,1,Monday,Mon,0,1
20160705,2016-07-05,2016,Q3,2016-Q3,7,July,Jul,2016-07,201607,27,2,Tuesday,Tue,0,1
20160706,2016-07-06,2016,Q3,2016-Q3,7,July,Jul,2016-07,201607,27,3,Wednesday,Wed,0,1
20160707,2016-07-07,2016,Q3,2016-Q3,7,July,Jul,2016-07,201607,27,4,Thursday,Thu,0,1
20160708,2016-07-08,2016,Q3,2016-Q3,7,July,Jul,2016-07,201607,27,5,Friday,Fri,0,1
20160709,2016-07-09,2016,Q3,2016-Q3,7,July,Jul,2016-07,201607,27,6,Saturday,Sat,1,0
20160710,2016-07-10,2016,Q3,2016-Q3,7,July,Jul,2016-07,201607,27,7,Sunday,Sun,1,0
20160711,2016-07-11,2016,Q3,2016-Q3,7,July,Jul,2016-07,201607,28,1,Monday,Mon,0,1
20160712,2016-07-12,2016,Q3,2016-Q3,7,July,Jul,2016-07,201607,28,2,Tuesday,Tue,0,1
20160713,2016-07-13,2016,Q3,2016-Q3,7,July,Jul,2016-07,201607,28,3,Wednesday,Wed,0,1
20160714,2016-07-14,2016,Q3,2016-Q3,7,July,Jul,2016-07,201607,28,4,Thursday,Thu,0,1
20160715,2016-07-15,2016,Q3,2016-Q3,7,July,Jul,2016-07,201607,28,5,Friday,Fri,0,1
20160716,2016-07-16,2016,Q3,2016-Q3,7,July,Jul,2016-07,201607,28,6,Saturday,Sat,1,0
20160717,2016-07-17,2016,Q3,2016-Q3,7,July,Jul,2016-07,201607,28,7,Sunday,Sun,1,0
20160718,2016-07-18,2016,Q3,2016-Q3,7,July,Jul,2016-07,201607,29,1,Monday,Mon,0,1
20160719,2016-07-19,2016,Q3,2016-Q3,7,July,Jul,2016-07,201607,29,2,Tuesday,Tue,0,1
20160720,2016-07-20,2016,Q3,2016-Q3,7,July,Jul,2016-07,201607,29,3,Wednesday,Wed,0,1
20160721,2016-07-21,2016,Q3,2016-Q3,7,July,Jul,2016-07,201607,29,4,Thursday,Thu,0,1
20160722,2016-07-22,2016,Q3,2016-Q3,7,July,Jul,2016-07,201607,29,5,Friday,Fri,0,1
20160723,2016-07-23,2016,Q3,2016-Q3,7,July,Jul,2016-07,201607,29,6,Saturday,Sat,1,0
20160724,2016-07-24,2016,Q3,2016-Q3,7,July,Jul,2016-07,201607,29,7,Sunday,Sun,1,0
20160725,2016-07-25,2016,Q3,2016-Q3,7,July,Jul,2016-07,201607,30,1,Monday,Mon,0,1
20160726,2016-07-26,2016,Q3,2016-Q3,7,July,Jul,2016-07,201607,30,2,Tuesday,Tue,0,1
20160727,2016-07-27,2016,Q3,2016-Q3,7,July,Jul,2016-07,201607,30,3,Wednesday,Wed,0,1
20160728,2016-07-28,2016,Q3,2016-Q3,7,July,Jul,2016-07,201607,30,4,Thursday,Thu,0,1
20160729,2016-07-29,2016,Q3,2016-Q3,7,July,Jul,2016-07,201607,30,5,Friday,Fri,0,1
20160730,2016-07-30,2016,Q3,2016-Q3,7,July,Jul,2016-07,201607,30,6,Saturday,Sat,1,0
20160731,2016-07-31,2016,Q3,2016-Q3,7,July,Jul,2016-07,201607,30,7,Sunday,Sun,1,0
20160801,2016-08-01,2016,Q3,2016-Q3,8,August,Aug,2016-08,201608,31,1,Monday,Mon,0,1
20160802,2016-08-02,2016,Q3,2016-Q3,8,August,Aug,2016-08,201608,31,2,Tuesday,Tue,0,1
20160803,2016-08-03,2016,Q3,2016-Q3,8,August,Aug,2016-08,201608,31,3,Wednesday,Wed,0,1
20160804,2016-08-04,2016,Q3,2016-Q3,8,August,Aug,2016-08,201608,31,4,Thursday,Thu,0,1
20160805,2016-08-05,2016,Q3,2016-Q3,8,August,Aug,2016-08,201608,31,5,Friday,Fri,0,1
20160806,2016-08-06,2016,Q3,2016-Q3,8,August,Aug,2016-08,201608,31,6,Saturday,Sat,1,0
20160807,2016-08-07,2016,Q3,2016-Q3,8,August,Aug,2016-08,201608,31,7,Sunday,Sun,1,0
20160808,2016-08-08,2016,Q3,2016-Q3,8,August,Aug,2016-08,201608,32,1,Monday,Mon,0,1
20160809,2016-08-09,2016,Q3,2016-Q3,8,August,Aug,2016-08,201608,32,2,Tuesday,Tue,0,1
20160810,2016-08-10,2016,Q3,2016-Q3,8,August,Aug,2016-08,201608,32,3,Wednesday,Wed,0,1
20160811,2016-08-11,2016,Q3,2016-Q3,8,August,Aug,2016-08,201608,32,4,Thursday,Thu,0,1
20160812,2016-08-12,2016,Q3,2016-Q3,8,August,Aug,2016-08,201608,32,5,Friday,Fri,0,1
20160813,2016-08-13,2016,Q3,2016-Q3,8,August,Aug,2016-08,201608,32,6,Saturday,Sat,1,0
20160814,2016-08-14,2016,Q3,2016-Q3,8,August,Aug,2016-08,201608,32,7,Sunday,Sun,1,0
20160815,2016-08-15,2016,Q3,2016-Q3,8,August,Aug,2016-08,201608,33,1,Monday,Mon,0,1
20160816,2016-08-16,2016,Q3,2016-Q3,8,August,Aug,2016-08,201608,33,2,Tuesday,Tue,0,1
20160817,2016-08-17,2016,Q3,2016-Q3,8,August,Aug,2016-08,201608,33,3,Wednesday,Wed,0,1
20160818,2016-08-18,2016,Q3,2016-Q3,8,August,Aug,2016-08,201608,33,4,Thursday,Thu,0,1
20160819,2016-08-19,2016,Q3,2016-Q3,8,August,Aug,2016-08,201608,33,5,Friday,Fri,0,1
20160820,2016-08-20,2016,Q3,2016-Q3,8,August,Aug,2016-08,201608,33,6,Saturday,Sat,1,0
20160821,2016-08-21,2016,Q3,2016-Q3,8,August,Aug,2016-08,201608,33,7,Sunday,Sun,1,0
20160822,2016-08-22,2016,Q3,2016-Q3,8,August,Aug,2016-08,201608,34,1,Monday,Mon,0,1
20160823,2016-08-23,2016,Q3,2016-Q3,8,August,Aug,2016-08,201608,34,2,Tuesday,Tue,0,1
20160824,2016-08-24,2016,Q3,2016-Q3,8,August,Aug,2016-08,201608,34,3,Wednesday,Wed,0,1
20160825,2016-08-25,2016,Q3,2016-Q3,8,August,Aug,2016-08,201608,34,4,Thursday,Thu,0,1
20160826,2016-08-26,2016,Q3,2016-Q3,8,August,Aug,2016-08,201608,34,5,Friday,Fri,0,1
20160827,2016-08-27,2016,Q3,2016-Q3,8,August,Aug,2016-08,201608,34,6,Saturday,Sat,1,0
20160828,2016-08-28,2016,Q3,2016-Q3,8,August,Aug,2016-08,201608,34,7,Sunday,Sun,1,0
20160829,2016-08-29,2016,Q3,2016-Q3,8,August,Aug,2016-08,201608,35,1,Monday,Mon,0,1
20160830,2016-08-30,2016,Q3,2016-Q3,8,August,Aug,2016-08,201608,35,2,Tuesday,Tue,0,1
20160831,2016-08-31,2016,Q3,2016-Q3,8,August,Aug,2016-08,201608,35,3,Wednesday,Wed,0,1
20160901,2016-09-01,2016,Q3,2016-Q3,9,September,Sep,2016-09,201609,35,4,Thursday,Thu,0,1
20160902,2016-09-02,2016,Q3,2016-Q3,9,September,Sep,2016-09,201609,35,5,Friday,Fri,0,1
20160903,2016-09-03,2016,Q3,2016-Q3,9,September,Sep,2016-09,201609,35,6,Saturday,Sat,1,0
20160904,2016-09-04,2016,Q3,2016-Q3,9,September,Sep,2016-09,201609,35,7,Sunday,Sun,1,0
20160905,2016-09-05,2016,Q3,2016-Q3,9,September,Sep,2016-09,201609,36,1,Monday,Mon,0,1
20160906,2016-09-06,2016,Q3,2016-Q3,9,September,Sep,2016-09,201609,36,2,Tuesday,Tue,0,1
20160907,2016-09-07,2016,Q3,2016-Q3,9,September,Sep,2016-09,201609,36,3,Wednesday,Wed,0,1
20160908,2016-09-08,2016,Q3,2016-Q3,9,September,Sep,2016-09,201609,36,4,Thursday,Thu,0,1
20160909,2016-09-09,2016,Q3,2016-Q3,9,September,Sep,2016-09,201609,36,5,Friday,Fri,0,1
20160910,2016-09-10,2016,Q3,2016-Q3,9,September,Sep,2016-09,201609,36,6,Saturday,Sat,1,0
20160911,2016-09-11,2016,Q3,2016-Q3,9,September,Sep,2016-09,201609,36,7,Sunday,Sun,1,0
20160912,2016-09-12,2016,Q3,2016-Q3,9,September,Sep,2016-09,201609,37,1,Monday,Mon,0,1
20160913,2016-09-13,2016,Q3,2016-Q3,9,September,Sep,2016-09,201609,37,2,Tuesday,Tue,0,1
20160914,2016-09-14,2016,Q3,2016-Q3,9,September,Sep,2016-09,201609,37,3,Wednesday,Wed,0,1
20160915,2016-09-15,2016,Q3,2016-Q3,9,September,Sep,2016-09,201609,37,4,Thursday,Thu,0,1
20160916,2016-09-16,2016,Q3,2016-Q3,9,September,Sep,2016-09,201609,37,5,Friday,Fri,0,1
20160917,2016-09-17,2016,Q3,2016-Q3,9,September,Sep,2016-09,201609,37,6,Saturday,Sat,1,0
20160918,2016-09-18,2016,Q3,2016-Q3,9,September,Sep,2016-09,201609,37,7,Sunday,Sun,1,0
20160919,2016-09-19,2016,Q3,2016-Q3,9,September,Sep,2016-09,201609,38,1,Monday,Mon,0,1
20160920,2016-09-20,2016,Q3,2016-Q3,9,September,Sep,2016-09,201609,38,2,Tuesday,Tue,0,1
20160921,2016-09-21,2016,Q3,2016-Q3,9,September,Sep,2016-09,201609,38,3,Wednesday,Wed,0,1
20160922,2016-09-22,2016,Q3,2016-Q3,9,September,Sep,2016-09,201609,38,4,Thursday,Thu,0,1
20160923,2016-09-23,2016,Q3,2016-Q3,9,September,Sep,2016-09,201609,38,5,Friday,Fri,0,1
20160924,2016-09-24,2016,Q3,2016-Q3,9,September,Sep,2016-09,201609,38,6,Saturday,Sat,1,0
20160925,2016-09-25,2016,Q3,2016-Q3,9,September,Sep,2016-09,201609,38,7,Sunday,Sun,1,0
20160926,2016-09-26,2016,Q3,2016-Q3,9,September,Sep,2016-09,201609,39,1,Monday,Mon,0,1
20160927,2016-09-27,2016,Q3,2016-Q3,9,September,Sep,2016-09,201609,39,2,Tuesday,Tue,0,1
20160928,2016-09-28,2016,Q3,2016-Q3,9,September,Sep,2016-09,201609,39,3,Wednesday,Wed,0,1
20160929,2016-09-29,2016,Q3,2016-Q3,9,September,Sep,2016-09,201609,39,4,Thursday,Thu,0,1
20160930,2016-09-30,2016,Q3,2016-Q3,9,September,Sep,2016-09,201609,39,5,Friday,Fri,0,1
20161001,2016-10-01,2016,Q4,2016-Q4,10,October,Oct,2016-10,201610,39,6,Saturday,Sat,1,0
20161002,2016-10-02,2016,Q4,2016-Q4,10,October,Oct,2016-10,201610,39,7,Sunday,Sun,1,0
20161003,2016-10-03,2016,Q4,2016-Q4,10,October,Oct,2016-10,201610,40,1,Monday,Mon,0,1
20161004,2016-10-04,2016,Q4,2016-Q4,10,October,Oct,2016-10,201610,40,2,Tuesday,Tue,0,1
20161005,2016-10-05,2016,Q4,2016-Q4,10,October,Oct,2016-10,201610,40,3,Wednesday,Wed,0,1
20161006,2016-10-06,2016,Q4,2016-Q4,10,October,Oct,2016-10,201610,40,4,Thursday,Thu,0,1
20161007,2016-10-07,2016,Q4,2016-Q4,10,October,Oct,2016-10,201610,40,5,Friday,Fri,0,1
20161008,2016-10-08,2016,Q4,2016-Q4,10,October,Oct,2016-10,201610,40,6,Saturday,Sat,1,0
20161009,2016-10-09,2016,Q4,2016-Q4,10,October,Oct,2016-10,201610,40,7,Sunday,Sun,1,0
20161010,2016-10-10,2016,Q4,2016-Q4,10,October,Oct,2016-10,201610,41,1,Monday,Mon,0,1
20161011,2016-10-11,2016,Q4,2016-Q4,10,October,Oct,2016-10,201610,41,2,Tuesday,Tue,0,1
20161012,2016-10-12,2016,Q4,2016-Q4,10,October,Oct,2016-10,201610,41,3,Wednesday,Wed,0,1
20161013,2016-10-13,2016,Q4,2016-Q4,10,October,Oct,2016-10,201610,41,4,Thursday,Thu,0,1
20161014,2016-10-14,2016,Q4,2016-Q4,10,October,Oct,2016-10,201610,41,5,Friday,Fri,0,1
20161015,2016-10-15,2016,Q4,2016-Q4,10,October,Oct,2016-10,201610,41,6,Saturday,Sat,1,0
20161016,2016-10-16,2016,Q4,2016-Q4,10,October,Oct,2016-10,201610,41,7,Sunday,Sun,1,0
20161017,2016-10-17,2016,Q4,2016-Q4,10,October,Oct,2016-10,201610,42,1,Monday,Mon,0,1
20161018,2016-10-18,2016,Q4,2016-Q4,10,October,Oct,2016-10,201610,42,2,Tuesday,Tue,0,1
20161019,2016-10-19,2016,Q4,2016-Q4,10,October,Oct,2016-10,201610,42,3,Wednesday,Wed,0,1
20161020,2016-10-20,2016,Q4,2016-Q4,10,October,Oct,2016-10,201610,42,4,Thursday,Thu,0,1
20161021,2016-10-21,2016,Q4,2016-Q4,10,October,Oct,2016-10,201610,42,5,Friday,Fri,0,1
20161022,2016-10-22,2016,Q4,2016-Q4,10,October,Oct,2016-10,201610,42,6,Saturday,Sat,1,0
20161023,2016-10-23,2016,Q4,2016-Q4,10,October,Oct,2016-10,201610,42,7,Sunday,Sun,1,0
20161024,2016-10-24,2016,Q4,2016-Q4,10,October,Oct,2016-10,201610,43,1,Monday,Mon,0,1
20161025,2016-10-25,2016,Q4,2016-Q4,10,October,Oct,2016-10,201610,43,2,Tuesday,Tue,0,1
20161026,2016-10-26,2016,Q4,2016-Q4,10,October,Oct,2016-10,201610,43,3,Wednesday,Wed,0,1
20161027,2016-10-27,2016,Q4,2016-Q4,10,October,Oct,2016-10,201610,43,4,Thursday,Thu,0,1
20161028,2016-10-28,2016,Q4,2016-Q4,10,October,Oct,2016-10,201610,43,5,Friday,Fri,0,1
20161029,2016-10-29,2016,Q4,2016-Q4,10,October,Oct,2016-10,201610,43,6,Saturday,Sat,1,0
20161030,2016-10-30,2016,Q4,2016-Q4,10,October,Oct,2016-10,201610,43,7,Sunday,Sun,1,0
20161031,2016-10-31,2016,Q4,2016-Q4,10,October,Oct,2016-10,201610,44,1,Monday,Mon,0,1
20161101,2016-11-01,2016,Q4,2016-Q4,11,November,Nov,2016-11,201611,44,2,Tuesday,Tue,0,1
20161102,2016-11-02,2016,Q4,2016-Q4,11,November,Nov,2016-11,201611,44,3,Wednesday,Wed,0,1
20161103,2016-11-03,2016,Q4,2016-Q4,11,November,Nov,2016-11,201611,44,4,Thursday,Thu,0,1
20161104,2016-11-04,2016,Q4,2016-Q4,11,November,Nov,2016-11,201611,44,5,Friday,Fri,0,1
20161105,2016-11-05,2016,Q4,2016-Q4,11,November,Nov,2016-11,201611,44,6,Saturday,Sat,1,0
20161106,2016-11-06,2016,Q4,2016-Q4,11,November,Nov,2016-11,201611,44,7,Sunday,Sun,1,0
20161107,2016-11-07,2016,Q4,2016-Q4,11,November,Nov,2016-11,201611,45,1,Monday,Mon,0,1
20161108,2016-11-08,2016,Q4,2016-Q4,11,November,Nov,2016-11,201611,45,2,Tuesday,Tue,0,1
20161109,2016-11-09,2016,Q4,2016-Q4,11,November,Nov,2016-11,201611,45,3,Wednesday,Wed,0,1
20161110,2016-11-10,2016,Q4,2016-Q4,11,November,Nov,2016-11,201611,45,4,Thursday,Thu,0,1
20161111,2016-11-11,2016,Q4,2016-Q4,11,November,Nov,2016-11,201611,45,5,Friday,Fri,0,1
20161112,2016-11-12,2016,Q4,2016-Q4,11,November,Nov,2016-11,201611,45,6,Saturday,Sat,1,0
20161113,2016-11-13,2016,Q4,2016-Q4,11,November,Nov,2016-11,201611,45,7,Sunday,Sun,1,0
20161114,2016-11-14,2016,Q4,2016-Q4,11,November,Nov,2016-11,201611,46,1,Monday,Mon,0,1
20161115,2016-11-15,2016,Q4,2016-Q4,11,November,Nov,2016-11,201611,46,2,Tuesday,Tue,0,1
20161116,2016-11-16,2016,Q4,2016-Q4,11,November,Nov,2016-11,201611,46,3,Wednesday,Wed,0,1
20161117,2016-11-17,2016,Q4,2016-Q4,11,November,Nov,2016-11,201611,46,4,Thursday,Thu,0,1
20161118,2016-11-18,2016,Q4,2016-Q4,11,November,Nov,2016-11,201611,46,5,Friday,Fri,0,1
20161119,2016-11-19,2016,Q4,2016-Q4,11,November,Nov,2016-11,201611,46,6,Saturday,Sat,1,0
20161120,2016-11-20,2016,Q4,2016-Q4,11,November,Nov,2016-11,201611,46,7,Sunday,Sun,1,0
20161121,2016-11-21,2016,Q4,2016-Q4,11,November,Nov,2016-11,201611,47,1,Monday,Mon,0,1
20161122,2016-11-22,2016,Q4,2016-Q4,11,November,Nov,2016-11,201611,47,2,Tuesday,Tue,0,1
20161123,2016-11-23,2016,Q4,2016-Q4,11,November,Nov,2016-11,201611,47,3,Wednesday,Wed,0,1
20161124,2016-11-24,2016,Q4,2016-Q4,11,November,Nov,2016-11,201611,47,4,Thursday,Thu,0,1
20161125,2016-11-25,2016,Q4,2016-Q4,11,November,Nov,2016-11,201611,47,5,Friday,Fri,0,1
20161126,2016-11-26,2016,Q4,2016-Q4,11,November,Nov,2016-11,201611,47,6,Saturday,Sat,1,0
20161127,2016-11-27,2016,Q4,2016-Q4,11,November,Nov,2016-11,201611,47,7,Sunday,Sun,1,0
20161128,2016-11-28,2016,Q4,2016-Q4,11,November,Nov,2016-11,201611,48,1,Monday,Mon,0,1
20161129,2016-11-29,2016,Q4,2016-Q4,11,November,Nov,2016-11,201611,48,2,Tuesday,Tue,0,1
20161130,2016-11-30,2016,Q4,2016-Q4,11,November,Nov,2016-11,201611,48,3,Wednesday,Wed,0,1
20161201,2016-12-01,2016,Q4,2016-Q4,12,December,Dec,2016-12,201612,48,4,Thursday,Thu,0,1
20161202,2016-12-02,2016,Q4,2016-Q4,12,December,Dec,2016-12,201612,48,5,Friday,Fri,0,1
20161203,2016-12-03,2016,Q4,2016-Q4,12,December,Dec,2016-12,201612,48,6,Saturday,Sat,1,0
20161204,2016-12-04,2016,Q4,2016-Q4,12,December,Dec,2016-12,201612,48,7,Sunday,Sun,1,0
20161205,2016-12-05,2016,Q4,2016-Q4,12,December,Dec,2016-12,201612,49,1,Monday,Mon,0,1
20161206,2016-12-06,2016,Q4,2016-Q4,12,December,Dec,2016-12,201612,49,2,Tuesday,Tue,0,1
20161207,2016-12-07,2016,Q4,2016-Q4,12,December,Dec,2016-12,201612,49,3,Wednesday,Wed,0,1
20161208,2016-12-08,2016,Q4,2016-Q4,12,December,Dec,2016-12,201612,49,4,Thursday,Thu,0,1
20161209,2016-12-09,2016,Q4,2016-Q4,12,December,Dec,2016-12,201612,49,5,Friday,Fri,0,1
20161210,2016-12-10,2016,Q4,2016-Q4,12,December,Dec,2016-12,201612,49,6,Saturday,Sat,1,0
20161211,2016-12-11,2016,Q4,2016-Q4,12,December,Dec,2016-12,201612,49,7,Sunday,Sun,1,0
20161212,2016-12-12,2016,Q4,2016-Q4,12,December,Dec,2016-12,201612,50,1,Monday,Mon,0,1
20161213,2016-12-13,2016,Q4,2016-Q4,12,December,Dec,2016-12,201612,50,2,Tuesday,Tue,0,1
20161214,2016-12-14,2016,Q4,2016-Q4,12,December,Dec,2016-12,201612,50,3,Wednesday,Wed,0,1
20161215,2016-12-15,2016,Q4,2016-Q4,12,December,Dec,2016-12,201612,50,4,Thursday,Thu,0,1
20161216,2016-12-16,2016,Q4,2016-Q4,12,December,Dec,2016-12,201612,50,5,Friday,Fri,0,1
20161217,2016-12-17,2016,Q4,2016-Q4,12,December,Dec,2016-12,201612,50,6,Saturday,Sat,1,0
20161218,2016-12-18,2016,Q4,2016-Q4,12,December,Dec,2016-12,201612,50,7,Sunday,Sun,1,0
20161219,2016-12-19,2016,Q4,2016-Q4,12,December,Dec,2016-12,201612,51,1,Monday,Mon,0,1
20161220,2016-12-20,2016,Q4,2016-Q4,12,December,Dec,2016-12,201612,51,2,Tuesday,Tue,0,1
20161221,2016-12-21,2016,Q4,2016-Q4,12,December,Dec,2016-12,201612,51,3,Wednesday,Wed,0,1
20161222,2016-12-22,2016,Q4,2016-Q4,12,December,Dec,2016-12,201612,51,4,Thursday,Thu,0,1
20161223,2016-12-23,2016,Q4,2016-Q4,12,December,Dec,2016-12,201612,51,5,Friday,Fri,0,1
20161224,2016-12-24,2016,Q4,2016-Q4,12,December,Dec,2016-12,201612,51,6,Saturday,Sat,1,0
20161225,2016-12-25,2016,Q4,2016-Q4,12,December,Dec,2016-12,201612,51,7,Sunday,Sun,1,0
20161226,2016-12-26,2016,Q4,2016-Q4,12,December,Dec,2016-12,201612,52,1,Monday,Mon,0,1
20161227,2016-12-27,2016,Q4,2016-Q4,12,December,Dec,2016-12,201612,52,2,Tuesday,Tue,0,1
20161228,2016-12-28,2016,Q4,2016-Q4,12,December,Dec,2016-12,201612,52,3,Wednesday,Wed,0,1
20161229,2016-12-29,2016,Q4,2016-Q4,12,December,Dec,2016-12,201612,52,4,Thursday,Thu,0,1
20161230,2016-12-30,2016,Q4,2016-Q4,12,December,Dec,2016-12,201612,52,5,Friday,Fri,0,1
20161231,2016-12-31,2016,Q4,2016-Q4,12,December,Dec,2016-12,201612,52,6,Saturday,Sat,1,0
20170101,2017-01-01,2017,Q1,2017-Q1,1,January,Jan,2017-01,201701,52,7,Sunday,Sun,1,0
20170102,2017-01-02,2017,Q1,2017-Q1,1,January,Jan,2017-01,201701,1,1,Monday,Mon,0,1
20170103,2017-01-03,2017,Q1,2017-Q1,1,January,Jan,2017-01,201701,1,2,Tuesday,Tue,0,1
20170104,2017-01-04,2017,Q1,2017-Q1,1,January,Jan,2017-01,201701,1,3,Wednesday,Wed,0,1
20170105,2017-01-05,2017,Q1,2017-Q1,1,January,Jan,2017-01,201701,1,4,Thursday,Thu,0,1
20170106,2017-01-06,2017,Q1,2017-Q1,1,January,Jan,2017-01,201701,1,5,Friday,Fri,0,1
20170107,2017-01-07,2017,Q1,2017-Q1,1,January,Jan,2017-01,201701,1,6,Saturday,Sat,1,0
20170108,2017-01-08,2017,Q1,2017-Q1,1,January,Jan,2017-01,201701,1,7,Sunday,Sun,1,0
20170109,2017-01-09,2017,Q1,2017-Q1,1,January,Jan,2017-01,201701,2,1,Monday,Mon,0,1
20170110,2017-01-10,2017,Q1,2017-Q1,1,January,Jan,2017-01,201701,2,2,Tuesday,Tue,0,1
20170111,2017-01-11,2017,Q1,2017-Q1,1,January,Jan,2017-01,201701,2,3,Wednesday,Wed,0,1
20170112,2017-01-12,2017,Q1,2017-Q1,1,January,Jan,2017-01,201701,2,4,Thursday,Thu,0,1
20170113,2017-01-13,2017,Q1,2017-Q1,1,January,Jan,2017-01,201701,2,5,Friday,Fri,0,1
20170114,2017-01-14,2017,Q1,2017-Q1,1,January,Jan,2017-01,201701,2,6,Saturday,Sat,1,0
20170115,2017-01-15,2017,Q1,2017-Q1,1,January,Jan,2017-01,201701,2,7,Sunday,Sun,1,0
20170116,2017-01-16,2017,Q1,2017-Q1,1,January,Jan,2017-01,201701,3,1,Monday,Mon,0,1
20170117,2017-01-17,2017,Q1,2017-Q1,1,January,Jan,2017-01,201701,3,2,Tuesday,Tue,0,1
20170118,2017-01-18,2017,Q1,2017-Q1,1,January,Jan,2017-01,201701,3,3,Wednesday,Wed,0,1
20170119,2017-01-19,2017,Q1,2017-Q1,1,January,Jan,2017-01,201701,3,4,Thursday,Thu,0,1
20170120,2017-01-20,2017,Q1,2017-Q1,1,January,Jan,2017-01,201701,3,5,Friday,Fri,0,1
20170121,2017-01-21,2017,Q1,2017-Q1,1,January,Jan,2017-01,201701,3,6,Saturday,Sat,1,0
20170122,2017-01-22,2017,Q1,2017-Q1,1,January,Jan,2017-01,201701,3,7,Sunday,Sun,1,0
20170123,2017-01-23,2017,Q1,2017-Q1,1,January,Jan,2017-01,201701,4,1,Monday,Mon,0,1
20170124,2017-01-24,2017,Q1,2017-Q1,1,January,Jan,2017-01,201701,4,2,Tuesday,Tue,0,1
20170125,2017-01-25,2017,Q1,2017-Q1,1,January,Jan,2017-01,201701,4,3,Wednesday,Wed,0,1
20170126,2017-01-26,2017,Q1,2017-Q1,1,January,Jan,2017-01,201701,4,4,Thursday,Thu,0,1
20170127,2017-01-27,2017,Q1,2017-Q1,1,January,Jan,2017-01,201701,4,5,Friday,Fri,0,1
20170128,2017-01-28,2017,Q1,2017-Q1,1,January,Jan,2017-01,201701,4,6,Saturday,Sat,1,0
20170129,2017-01-29,2017,Q1,2017-Q1,1,January,Jan,2017-01,201701,4,7,Sunday,Sun,1,0
20170130,2017-01-30,2017,Q1,2017-Q1,1,January,Jan,2017-01,201701,5,1,Monday,Mon,0,1
20170131,2017-01-31,2017,Q1,2017-Q1,1,January,Jan,2017-01,201701,5,2,Tuesday,Tue,0,1
20170201,2017-02-01,2017,Q1,2017-Q1,2,February,Feb,2017-02,201702,5,3,Wednesday,Wed,0,1
20170202,2017-02-02,2017,Q1,2017-Q1,2,February,Feb,2017-02,201702,5,4,Thursday,Thu,0,1
20170203,2017-02-03,2017,Q1,2017-Q1,2,February,Feb,2017-02,201702,5,5,Friday,Fri,0,1
20170204,2017-02-04,2017,Q1,2017-Q1,2,February,Feb,2017-02,201702,5,6,Saturday,Sat,1,0
20170205,2017-02-05,2017,Q1,2017-Q1,2,February,Feb,2017-02,201702,5,7,Sunday,Sun,1,0
20170206,2017-02-06,2017,Q1,2017-Q1,2,February,Feb,2017-02,201702,6,1,Monday,Mon,0,1
20170207,2017-02-07,2017,Q1,2017-Q1,2,February,Feb,2017-02,201702,6,2,Tuesday,Tue,0,1
20170208,2017-02-08,2017,Q1,2017-Q1,2,February,Feb,2017-02,201702,6,3,Wednesday,Wed,0,1
20170209,2017-02-09,2017,Q1,2017-Q1,2,February,Feb,2017-02,201702,6,4,Thursday,Thu,0,1
20170210,2017-02-10,2017,Q1,2017-Q1,2,February,Feb,2017-02,201702,6,5,Friday,Fri,0,1
20170211,2017-02-11,2017,Q1,2017-Q1,2,February,Feb,2017-02,201702,6,6,Saturday,Sat,1,0
20170212,2017-02-12,2017,Q1,2017-Q1,2,February,Feb,2017-02,201702,6,7,Sunday,Sun,1,0
20170213,2017-02-13,2017,Q1,2017-Q1,2,February,Feb,2017-02,201702,7,1,Monday,Mon,0,1
20170214,2017-02-14,2017,Q1,2017-Q1,2,February,Feb,2017-02,201702,7,2,Tuesday,Tue,0,1
20170215,2017-02-15,2017,Q1,2017-Q1,2,February,Feb,2017-02,201702,7,3,Wednesday,Wed,0,1
20170216,2017-02-16,2017,Q1,2017-Q1,2,February,Feb,2017-02,201702,7,4,Thursday,Thu,0,1
20170217,2017-02-17,2017,Q1,2017-Q1,2,February,Feb,2017-02,201702,7,5,Friday,Fri,0,1
20170218,2017-02-18,2017,Q1,2017-Q1,2,February,Feb,2017-02,201702,7,6,Saturday,Sat,1,0
20170219,2017-02-19,2017,Q1,2017-Q1,2,February,Feb,2017-02,201702,7,7,Sunday,Sun,1,0
20170220,2017-02-20,2017,Q1,2017-Q1,2,February,Feb,2017-02,201702,8,1,Monday,Mon,0,1
20170221,2017-02-21,2017,Q1,2017-Q1,2,February,Feb,2017-02,201702,8,2,Tuesday,Tue,0,1
20170222,2017-02-22,2017,Q1,2017-Q1,2,February,Feb,2017-02,201702,8,3,Wednesday,Wed,0,1
20170223,2017-02-23,2017,Q1,2017-Q1,2,February,Feb,2017-02,201702,8,4,Thursday,Thu,0,1
20170224,2017-02-24,2017,Q1,2017-Q1,2,February,Feb,2017-02,201702,8,5,Friday,Fri,0,1
20170225,2017-02-25,2017,Q1,2017-Q1,2,February,Feb,2017-02,201702,8,6,Saturday,Sat,1,0
20170226,2017-02-26,2017,Q1,2017-Q1,2,February,Feb,2017-02,201702,8,7,Sunday,Sun,1,0
20170227,2017-02-27,2017,Q1,2017-Q1,2,February,Feb,2017-02,201702,9,1,Monday,Mon,0,1
20170228,2017-02-28,2017,Q1,2017-Q1,2,February,Feb,2017-02,201702,9,2,Tuesday,Tue,0,1
20170301,2017-03-01,2017,Q1,2017-Q1,3,March,Mar,2017-03,201703,9,3,Wednesday,Wed,0,1
20170302,2017-03-02,2017,Q1,2017-Q1,3,March,Mar,2017-03,201703,9,4,Thursday,Thu,0,1
20170303,2017-03-03,2017,Q1,2017-Q1,3,March,Mar,2017-03,201703,9,5,Friday,Fri,0,1
20170304,2017-03-04,2017,Q1,2017-Q1,3,March,Mar,2017-03,201703,9,6,Saturday,Sat,1,0
20170305,2017-03-05,2017,Q1,2017-Q1,3,March,Mar,2017-03,201703,9,7,Sunday,Sun,1,0
20170306,2017-03-06,2017,Q1,2017-Q1,3,March,Mar,2017-03,201703,10,1,Monday,Mon,0,1
20170307,2017-03-07,2017,Q1,2017-Q1,3,March,Mar,2017-03,201703,10,2,Tuesday,Tue,0,1
20170308,2017-03-08,2017,Q1,2017-Q1,3,March,Mar,2017-03,201703,10,3,Wednesday,Wed,0,1
20170309,2017-03-09,2017,Q1,2017-Q1,3,March,Mar,2017-03,201703,10,4,Thursday,Thu,0,1
20170310,2017-03-10,2017,Q1,2017-Q1,3,March,Mar,2017-03,201703,10,5,Friday,Fri,0,1
20170311,2017-03-11,2017,Q1,2017-Q1,3,March,Mar,2017-03,201703,10,6,Saturday,Sat,1,0
20170312,2017-03-12,2017,Q1,2017-Q1,3,March,Mar,2017-03,201703,10,7,Sunday,Sun,1,0
20170313,2017-03-13,2017,Q1,2017-Q1,3,March,Mar,2017-03,201703,11,1,Monday,Mon,0,1
20170314,2017-03-14,2017,Q1,2017-Q1,3,March,Mar,2017-03,201703,11,2,Tuesday,Tue,0,1
20170315,2017-03-15,2017,Q1,2017-Q1,3,March,Mar,2017-03,201703,11,3,Wednesday,Wed,0,1
20170316,2017-03-16,2017,Q1,2017-Q1,3,March,Mar,2017-03,201703,11,4,Thursday,Thu,0,1
20170317,2017-03-17,2017,Q1,2017-Q1,3,March,Mar,2017-03,201703,11,5,Friday,Fri,0,1
20170318,2017-03-18,2017,Q1,2017-Q1,3,March,Mar,2017-03,201703,11,6,Saturday,Sat,1,0
20170319,2017-03-19,2017,Q1,2017-Q1,3,March,Mar,2017-03,201703,11,7,Sunday,Sun,1,0
20170320,2017-03-20,2017,Q1,2017-Q1,3,March,Mar,2017-03,201703,12,1,Monday,Mon,0,1
20170321,2017-03-21,2017,Q1,2017-Q1,3,March,Mar,2017-03,201703,12,2,Tuesday,Tue,0,1
20170322,2017-03-22,2017,Q1,2017-Q1,3,March,Mar,2017-03,201703,12,3,Wednesday,Wed,0,1
20170323,2017-03-23,2017,Q1,2017-Q1,3,March,Mar,2017-03,201703,12,4,Thursday,Thu,0,1
20170324,2017-03-24,2017,Q1,2017-Q1,3,March,Mar,2017-03,201703,12,5,Friday,Fri,0,1
20170325,2017-03-25,2017,Q1,2017-Q1,3,March,Mar,2017-03,201703,12,6,Saturday,Sat,1,0
20170326,2017-03-26,2017,Q1,2017-Q1,3,March,Mar,2017-03,201703,12,7,Sunday,Sun,1,0
20170327,2017-03-27,2017,Q1,2017-Q1,3,March,Mar,2017-03,201703,13,1,Monday,Mon,0,1
20170328,2017-03-28,2017,Q1,2017-Q1,3,March,Mar,2017-03,201703,13,2,Tuesday,Tue,0,1
20170329,2017-03-29,2017,Q1,2017-Q1,3,March,Mar,2017-03,201703,13,3,Wednesday,Wed,0,1
20170330,2017-03-30,2017,Q1,2017-Q1,3,March,Mar,2017-03,201703,13,4,Thursday,Thu,0,1
20170331,2017-03-31,2017,Q1,2017-Q1,3,March,Mar,2017-03,201703,13,5,Friday,Fri,0,1
20170401,2017-04-01,2017,Q2,2017-Q2,4,April,Apr,2017-04,201704,13,6,Saturday,Sat,1,0
20170402,2017-04-02,2017,Q2,2017-Q2,4,April,Apr,2017-04,201704,13,7,Sunday,Sun,1,0
20170403,2017-04-03,2017,Q2,2017-Q2,4,April,Apr,2017-04,201704,14,1,Monday,Mon,0,1
20170404,2017-04-04,2017,Q2,2017-Q2,4,April,Apr,2017-04,201704,14,2,Tuesday,Tue,0,1
20170405,2017-04-05,2017,Q2,2017-Q2,4,April,Apr,2017-04,201704,14,3,Wednesday,Wed,0,1
20170406,2017-04-06,2017,Q2,2017-Q2,4,April,Apr,2017-04,201704,14,4,Thursday,Thu,0,1
20170407,2017-04-07,2017,Q2,2017-Q2,4,April,Apr,2017-04,201704,14,5,Friday,Fri,0,1
20170408,2017-04-08,2017,Q2,2017-Q2,4,April,Apr,2017-04,201704,14,6,Saturday,Sat,1,0
20170409,2017-04-09,2017,Q2,2017-Q2,4,April,Apr,2017-04,201704,14,7,Sunday,Sun,1,0
20170410,2017-04-10,2017,Q2,2017-Q2,4,April,Apr,2017-04,201704,15,1,Monday,Mon,0,1
20170411,2017-04-11,2017,Q2,2017-Q2,4,April,Apr,2017-04,201704,15,2,Tuesday,Tue,0,1
20170412,2017-04-12,2017,Q2,2017-Q2,4,April,Apr,2017-04,201704,15,3,Wednesday,Wed,0,1
20170413,2017-04-13,2017,Q2,2017-Q2,4,April,Apr,2017-04,201704,15,4,Thursday,Thu,0,1
20170414,2017-04-14,2017,Q2,2017-Q2,4,April,Apr,2017-04,201704,15,5,Friday,Fri,0,1
20170415,2017-04-15,2017,Q2,2017-Q2,4,April,Apr,2017-04,201704,15,6,Saturday,Sat,1,0
20170416,2017-04-16,2017,Q2,2017-Q2,4,April,Apr,2017-04,201704,15,7,Sunday,Sun,1,0
20170417,2017-04-17,2017,Q2,2017-Q2,4,April,Apr,2017-04,201704,16,1,Monday,Mon,0,1
20170418,2017-04-18,2017,Q2,2017-Q2,4,April,Apr,2017-04,201704,16,2,Tuesday,Tue,0,1
20170419,2017-04-19,2017,Q2,2017-Q2,4,April,Apr,2017-04,201704,16,3,Wednesday,Wed,0,1
20170420,2017-04-20,2017,Q2,2017-Q2,4,April,Apr,2017-04,201704,16,4,Thursday,Thu,0,1
20170421,2017-04-21,2017,Q2,2017-Q2,4,April,Apr,2017-04,201704,16,5,Friday,Fri,0,1
20170422,2017-04-22,2017,Q2,2017-Q2,4,April,Apr,2017-04,201704,16,6,Saturday,Sat,1,0
20170423,2017-04-23,2017,Q2,2017-Q2,4,April,Apr,2017-04,201704,16,7,Sunday,Sun,1,0
20170424,2017-04-24,2017,Q2,2017-Q2,4,April,Apr,2017-04,201704,17,1,Monday,Mon,0,1
20170425,2017-04-25,2017,Q2,2017-Q2,4,April,Apr,2017-04,201704,17,2,Tuesday,Tue,0,1
20170426,2017-04-26,2017,Q2,2017-Q2,4,April,Apr,2017-04,201704,17,3,Wednesday,Wed,0,1
20170427,2017-04-27,2017,Q2,2017-Q2,4,April,Apr,2017-04,201704,17,4,Thursday,Thu,0,1
20170428,2017-04-28,2017,Q2,2017-Q2,4,April,Apr,2017-04,201704,17,5,Friday,Fri,0,1
20170429,2017-04-29,2017,Q2,2017-Q2,4,April,Apr,2017-04,201704,17,6,Saturday,Sat,1,0
20170430,2017-04-30,2017,Q2,2017-Q2,4,April,Apr,2017-04,201704,17,7,Sunday,Sun,1,0
20170501,2017-05-01,2017,Q2,2017-Q2,5,May,May,2017-05,201705,18,1,Monday,Mon,0,1
20170502,2017-05-02,2017,Q2,2017-Q2,5,May,May,2017-05,201705,18,2,Tuesday,Tue,0,1
20170503,2017-05-03,2017,Q2,2017-Q2,5,May,May,2017-05,201705,18,3,Wednesday,Wed,0,1
20170504,2017-05-04,2017,Q2,2017-Q2,5,May,May,2017-05,201705,18,4,Thursday,Thu,0,1
20170505,2017-05-05,2017,Q2,2017-Q2,5,May,May,2017-05,201705,18,5,Friday,Fri,0,1
20170506,2017-05-06,2017,Q2,2017-Q2,5,May,May,2017-05,201705,18,6,Saturday,Sat,1,0
20170507,2017-05-07,2017,Q2,2017-Q2,5,May,May,2017-05,201705,18,7,Sunday,Sun,1,0
20170508,2017-05-08,2017,Q2,2017-Q2,5,May,May,2017-05,201705,19,1,Monday,Mon,0,1
20170509,2017-05-09,2017,Q2,2017-Q2,5,May,May,2017-05,201705,19,2,Tuesday,Tue,0,1
20170510,2017-05-10,2017,Q2,2017-Q2,5,May,May,2017-05,201705,19,3,Wednesday,Wed,0,1
20170511,2017-05-11,2017,Q2,2017-Q2,5,May,May,2017-05,201705,19,4,Thursday,Thu,0,1
20170512,2017-05-12,2017,Q2,2017-Q2,5,May,May,2017-05,201705,19,5,Friday,Fri,0,1
20170513,2017-05-13,2017,Q2,2017-Q2,5,May,May,2017-05,201705,19,6,Saturday,Sat,1,0
20170514,2017-05-14,2017,Q2,2017-Q2,5,May,May,2017-05,201705,19,7,Sunday,Sun,1,0
20170515,2017-05-15,2017,Q2,2017-Q2,5,May,May,2017-05,201705,20,1,Monday,Mon,0,1
20170516,2017-05-16,2017,Q2,2017-Q2,5,May,May,2017-05,201705,20,2,Tuesday,Tue,0,1
20170517,2017-05-17,2017,Q2,2017-Q2,5,May,May,2017-05,201705,20,3,Wednesday,Wed,0,1
20170518,2017-05-18,2017,Q2,2017-Q2,5,May,May,2017-05,201705,20,4,Thursday,Thu,0,1
20170519,2017-05-19,2017,Q2,2017-Q2,5,May,May,2017-05,201705,20,5,Friday,Fri,0,1
20170520,2017-05-20,2017,Q2,2017-Q2,5,May,May,2017-05,201705,20,6,Saturday,Sat,1,0
20170521,2017-05-21,2017,Q2,2017-Q2,5,May,May,2017-05,201705,20,7,Sunday,Sun,1,0
20170522,2017-05-22,2017,Q2,2017-Q2,5,May,May,2017-05,201705,21,1,Monday,Mon,0,1
20170523,2017-05-23,2017,Q2,2017-Q2,5,May,May,2017-05,201705,21,2,Tuesday,Tue,0,1
20170524,2017-05-24,2017,Q2,2017-Q2,5,May,May,2017-05,201705,21,3,Wednesday,Wed,0,1
20170525,2017-05-25,2017,Q2,2017-Q2,5,May,May,2017-05,201705,21,4,Thursday,Thu,0,1
20170526,2017-05-26,2017,Q2,2017-Q2,5,May,May,2017-05,201705,21,5,Friday,Fri,0,1
20170527,2017-05-27,2017,Q2,2017-Q2,5,May,May,2017-05,201705,21,6,Saturday,Sat,1,0
20170528,2017-05-28,2017,Q2,2017-Q2,5,May,May,2017-05,201705,21,7,Sunday,Sun,1,0
20170529,2017-05-29,2017,Q2,2017-Q2,5,May,May,2017-05,201705,22,1,Monday,Mon,0,1
20170530,2017-05-30,2017,Q2,2017-Q2,5,May,May,2017-05,201705,22,2,Tuesday,Tue,0,1
20170531,2017-05-31,2017,Q2,2017-Q2,5,May,May,2017-05,201705,22,3,Wednesday,Wed,0,1
20170601,2017-06-01,2017,Q2,2017-Q2,6,June,Jun,2017-06,201706,22,4,Thursday,Thu,0,1
20170602,2017-06-02,2017,Q2,2017-Q2,6,June,Jun,2017-06,201706,22,5,Friday,Fri,0,1
20170603,2017-06-03,2017,Q2,2017-Q2,6,June,Jun,2017-06,201706,22,6,Saturday,Sat,1,0
20170604,2017-06-04,2017,Q2,2017-Q2,6,June,Jun,2017-06,201706,22,7,Sunday,Sun,1,0
20170605,2017-06-05,2017,Q2,2017-Q2,6,June,Jun,2017-06,201706,23,1,Monday,Mon,0,1
20170606,2017-06-06,2017,Q2,2017-Q2,6,June,Jun,2017-06,201706,23,2,Tuesday,Tue,0,1
20170607,2017-06-07,2017,Q2,2017-Q2,6,June,Jun,2017-06,201706,23,3,Wednesday,Wed,0,1
20170608,2017-06-08,2017,Q2,2017-Q2,6,June,Jun,2017-06,201706,23,4,Thursday,Thu,0,1
20170609,2017-06-09,2017,Q2,2017-Q2,6,June,Jun,2017-06,201706,23,5,Friday,Fri,0,1
20170610,2017-06-10,2017,Q2,2017-Q2,6,June,Jun,2017-06,201706,23,6,Saturday,Sat,1,0
20170611,2017-06-11,2017,Q2,2017-Q2,6,June,Jun,2017-06,201706,23,7,Sunday,Sun,1,0
20170612,2017-06-12,2017,Q2,2017-Q2,6,June,Jun,2017-06,201706,24,1,Monday,Mon,0,1
20170613,2017-06-13,2017,Q2,2017-Q2,6,June,Jun,2017-06,201706,24,2,Tuesday,Tue,0,1
20170614,2017-06-14,2017,Q2,2017-Q2,6,June,Jun,2017-06,201706,24,3,Wednesday,Wed,0,1
20170615,2017-06-15,2017,Q2,2017-Q2,6,June,Jun,2017-06,201706,24,4,Thursday,Thu,0,1
20170616,2017-06-16,2017,Q2,2017-Q2,6,June,Jun,2017-06,201706,24,5,Friday,Fri,0,1
20170617,2017-06-17,2017,Q2,2017-Q2,6,June,Jun,2017-06,201706,24,6,Saturday,Sat,1,0
20170618,2017-06-18,2017,Q2,2017-Q2,6,June,Jun,2017-06,201706,24,7,Sunday,Sun,1,0
20170619,2017-06-19,2017,Q2,2017-Q2,6,June,Jun,2017-06,201706,25,1,Monday,Mon,0,1
20170620,2017-06-20,2017,Q2,2017-Q2,6,June,Jun,2017-06,201706,25,2,Tuesday,Tue,0,1
20170621,2017-06-21,2017,Q2,2017-Q2,6,June,Jun,2017-06,201706,25,3,Wednesday,Wed,0,1
20170622,2017-06-22,2017,Q2,2017-Q2,6,June,Jun,2017-06,201706,25,4,Thursday,Thu,0,1
20170623,2017-06-23,2017,Q2,2017-Q2,6,June,Jun,2017-06,201706,25,5,Friday,Fri,0,1
20170624,2017-06-24,2017,Q2,2017-Q2,6,June,Jun,2017-06,201706,25,6,Saturday,Sat,1,0
20170625,2017-06-25,2017,Q2,2017-Q2,6,June,Jun,2017-06,201706,25,7,Sunday,Sun,1,0
20170626,2017-06-26,2017,Q2,2017-Q2,6,June,Jun,2017-06,201706,26,1,Monday,Mon,0,1
20170627,2017-06-27,2017,Q2,2017-Q2,6,June,Jun,2017-06,201706,26,2,Tuesday,Tue,0,1
20170628,2017-06-28,2017,Q2,2017-Q2,6,June,Jun,2017-06,201706,26,3,Wednesday,Wed,0,1
20170629,2017-06-29,2017,Q2,2017-Q2,6,June,Jun,2017-06,201706,26,4,Thursday,Thu,0,1
20170630,2017-06-30,2017,Q2,2017-Q2,6,June,Jun,2017-06,201706,26,5,Friday,Fri,0,1
20170701,2017-07-01,2017,Q3,2017-Q3,7,July,Jul,2017-07,201707,26,6,Saturday,Sat,1,0
20170702,2017-07-02,2017,Q3,2017-Q3,7,July,Jul,2017-07,201707,26,7,Sunday,Sun,1,0
20170703,2017-07-03,2017,Q3,2017-Q3,7,July,Jul,2017-07,201707,27,1,Monday,Mon,0,1
20170704,2017-07-04,2017,Q3,2017-Q3,7,July,Jul,2017-07,201707,27,2,Tuesday,Tue,0,1
20170705,2017-07-05,2017,Q3,2017-Q3,7,July,Jul,2017-07,201707,27,3,Wednesday,Wed,0,1
20170706,2017-07-06,2017,Q3,2017-Q3,7,July,Jul,2017-07,201707,27,4,Thursday,Thu,0,1
20170707,2017-07-07,2017,Q3,2017-Q3,7,July,Jul,2017-07,201707,27,5,Friday,Fri,0,1
20170708,2017-07-08,2017,Q3,2017-Q3,7,July,Jul,2017-07,201707,27,6,Saturday,Sat,1,0
20170709,2017-07-09,2017,Q3,2017-Q3,7,July,Jul,2017-07,201707,27,7,Sunday,Sun,1,0
20170710,2017-07-10,2017,Q3,2017-Q3,7,July,Jul,2017-07,201707,28,1,Monday,Mon,0,1
20170711,2017-07-11,2017,Q3,2017-Q3,7,July,Jul,2017-07,201707,28,2,Tuesday,Tue,0,1
20170712,2017-07-12,2017,Q3,2017-Q3,7,July,Jul,2017-07,201707,28,3,Wednesday,Wed,0,1
20170713,2017-07-13,2017,Q3,2017-Q3,7,July,Jul,2017-07,201707,28,4,Thursday,Thu,0,1
20170714,2017-07-14,2017,Q3,2017-Q3,7,July,Jul,2017-07,201707,28,5,Friday,Fri,0,1
20170715,2017-07-15,2017,Q3,2017-Q3,7,July,Jul,2017-07,201707,28,6,Saturday,Sat,1,0
20170716,2017-07-16,2017,Q3,2017-Q3,7,July,Jul,2017-07,201707,28,7,Sunday,Sun,1,0
20170717,2017-07-17,2017,Q3,2017-Q3,7,July,Jul,2017-07,201707,29,1,Monday,Mon,0,1
20170718,2017-07-18,2017,Q3,2017-Q3,7,July,Jul,2017-07,201707,29,2,Tuesday,Tue,0,1
20170719,2017-07-19,2017,Q3,2017-Q3,7,July,Jul,2017-07,201707,29,3,Wednesday,Wed,0,1
20170720,2017-07-20,2017,Q3,2017-Q3,7,July,Jul,2017-07,201707,29,4,Thursday,Thu,0,1
20170721,2017-07-21,2017,Q3,2017-Q3,7,July,Jul,2017-07,201707,29,5,Friday,Fri,0,1
20170722,2017-07-22,2017,Q3,2017-Q3,7,July,Jul,2017-07,201707,29,6,Saturday,Sat,1,0
20170723,2017-07-23,2017,Q3,2017-Q3,7,July,Jul,2017-07,201707,29,7,Sunday,Sun,1,0
20170724,2017-07-24,2017,Q3,2017-Q3,7,July,Jul,2017-07,201707,30,1,Monday,Mon,0,1
20170725,2017-07-25,2017,Q3,2017-Q3,7,July,Jul,2017-07,201707,30,2,Tuesday,Tue,0,1
20170726,2017-07-26,2017,Q3,2017-Q3,7,July,Jul,2017-07,201707,30,3,Wednesday,Wed,0,1
20170727,2017-07-27,2017,Q3,2017-Q3,7,July,Jul,2017-07,201707,30,4,Thursday,Thu,0,1
20170728,2017-07-28,2017,Q3,2017-Q3,7,July,Jul,2017-07,201707,30,5,Friday,Fri,0,1
20170729,2017-07-29,2017,Q3,2017-Q3,7,July,Jul,2017-07,201707,30,6,Saturday,Sat,1,0
20170730,2017-07-30,2017,Q3,2017-Q3,7,July,Jul,2017-07,201707,30,7,Sunday,Sun,1,0
20170731,2017-07-31,2017,Q3,2017-Q3,7,July,Jul,2017-07,201707,31,1,Monday,Mon,0,1
20170801,2017-08-01,2017,Q3,2017-Q3,8,August,Aug,2017-08,201708,31,2,Tuesday,Tue,0,1
20170802,2017-08-02,2017,Q3,2017-Q3,8,August,Aug,2017-08,201708,31,3,Wednesday,Wed,0,1
20170803,2017-08-03,2017,Q3,2017-Q3,8,August,Aug,2017-08,201708,31,4,Thursday,Thu,0,1
20170804,2017-08-04,2017,Q3,2017-Q3,8,August,Aug,2017-08,201708,31,5,Friday,Fri,0,1
20170805,2017-08-05,2017,Q3,2017-Q3,8,August,Aug,2017-08,201708,31,6,Saturday,Sat,1,0
20170806,2017-08-06,2017,Q3,2017-Q3,8,August,Aug,2017-08,201708,31,7,Sunday,Sun,1,0
20170807,2017-08-07,2017,Q3,2017-Q3,8,August,Aug,2017-08,201708,32,1,Monday,Mon,0,1
20170808,2017-08-08,2017,Q3,2017-Q3,8,August,Aug,2017-08,201708,32,2,Tuesday,Tue,0,1
20170809,2017-08-09,2017,Q3,2017-Q3,8,August,Aug,2017-08,201708,32,3,Wednesday,Wed,0,1
20170810,2017-08-10,2017,Q3,2017-Q3,8,August,Aug,2017-08,201708,32,4,Thursday,Thu,0,1
20170811,2017-08-11,2017,Q3,2017-Q3,8,August,Aug,2017-08,201708,32,5,Friday,Fri,0,1
20170812,2017-08-12,2017,Q3,2017-Q3,8,August,Aug,2017-08,201708,32,6,Saturday,Sat,1,0
20170813,2017-08-13,2017,Q3,2017-Q3,8,August,Aug,2017-08,201708,32,7,Sunday,Sun,1,0
20170814,2017-08-14,2017,Q3,2017-Q3,8,August,Aug,2017-08,201708,33,1,Monday,Mon,0,1
20170815,2017-08-15,2017,Q3,2017-Q3,8,August,Aug,2017-08,201708,33,2,Tuesday,Tue,0,1
20170816,2017-08-16,2017,Q3,2017-Q3,8,August,Aug,2017-08,201708,33,3,Wednesday,Wed,0,1
20170817,2017-08-17,2017,Q3,2017-Q3,8,August,Aug,2017-08,201708,33,4,Thursday,Thu,0,1
20170818,2017-08-18,2017,Q3,2017-Q3,8,August,Aug,2017-08,201708,33,5,Friday,Fri,0,1
20170819,2017-08-19,2017,Q3,2017-Q3,8,August,Aug,2017-08,201708,33,6,Saturday,Sat,1,0
20170820,2017-08-20,2017,Q3,2017-Q3,8,August,Aug,2017-08,201708,33,7,Sunday,Sun,1,0
20170821,2017-08-21,2017,Q3,2017-Q3,8,August,Aug,2017-08,201708,34,1,Monday,Mon,0,1
20170822,2017-08-22,2017,Q3,2017-Q3,8,August,Aug,2017-08,201708,34,2,Tuesday,Tue,0,1
20170823,2017-08-23,2017,Q3,2017-Q3,8,August,Aug,2017-08,201708,34,3,Wednesday,Wed,0,1
20170824,2017-08-24,2017,Q3,2017-Q3,8,August,Aug,2017-08,201708,34,4,Thursday,Thu,0,1
20170825,2017-08-25,2017,Q3,2017-Q3,8,August,Aug,2017-08,201708,34,5,Friday,Fri,0,1
20170826,2017-08-26,2017,Q3,2017-Q3,8,August,Aug,2017-08,201708,34,6,Saturday,Sat,1,0
20170827,2017-08-27,2017,Q3,2017-Q3,8,August,Aug,2017-08,201708,34,7,Sunday,Sun,1,0
20170828,2017-08-28,2017,Q3,2017-Q3,8,August,Aug,2017-08,201708,35,1,Monday,Mon,0,1
20170829,2017-08-29,2017,Q3,2017-Q3,8,August,Aug,2017-08,201708,35,2,Tuesday,Tue,0,1
20170830,2017-08-30,2017,Q3,2017-Q3,8,August,Aug,2017-08,201708,35,3,Wednesday,Wed,0,1
20170831,2017-08-31,2017,Q3,2017-Q3,8,August,Aug,2017-08,201708,35,4,Thursday,Thu,0,1
20170901,2017-09-01,2017,Q3,2017-Q3,9,September,Sep,2017-09,201709,35,5,Friday,Fri,0,1
20170902,2017-09-02,2017,Q3,2017-Q3,9,September,Sep,2017-09,201709,35,6,Saturday,Sat,1,0
20170903,2017-09-03,2017,Q3,2017-Q3,9,September,Sep,2017-09,201709,35,7,Sunday,Sun,1,0
20170904,2017-09-04,2017,Q3,2017-Q3,9,September,Sep,2017-09,201709,36,1,Monday,Mon,0,1
20170905,2017-09-05,2017,Q3,2017-Q3,9,September,Sep,2017-09,201709,36,2,Tuesday,Tue,0,1
20170906,2017-09-06,2017,Q3,2017-Q3,9,September,Sep,2017-09,201709,36,3,Wednesday,Wed,0,1
20170907,2017-09-07,2017,Q3,2017-Q3,9,September,Sep,2017-09,201709,36,4,Thursday,Thu,0,1
20170908,2017-09-08,2017,Q3,2017-Q3,9,September,Sep,2017-09,201709,36,5,Friday,Fri,0,1
20170909,2017-09-09,2017,Q3,2017-Q3,9,September,Sep,2017-09,201709,36,6,Saturday,Sat,1,0
20170910,2017-09-10,2017,Q3,2017-Q3,9,September,Sep,2017-09,201709,36,7,Sunday,Sun,1,0
20170911,2017-09-11,2017,Q3,2017-Q3,9,September,Sep,2017-09,201709,37,1,Monday,Mon,0,1
20170912,2017-09-12,2017,Q3,2017-Q3,9,September,Sep,2017-09,201709,37,2,Tuesday,Tue,0,1
20170913,2017-09-13,2017,Q3,2017-Q3,9,September,Sep,2017-09,201709,37,3,Wednesday,Wed,0,1
20170914,2017-09-14,2017,Q3,2017-Q3,9,September,Sep,2017-09,201709,37,4,Thursday,Thu,0,1
20170915,2017-09-15,2017,Q3,2017-Q3,9,September,Sep,2017-09,201709,37,5,Friday,Fri,0,1
20170916,2017-09-16,2017,Q3,2017-Q3,9,September,Sep,2017-09,201709,37,6,Saturday,Sat,1,0
20170917,2017-09-17,2017,Q3,2017-Q3,9,September,Sep,2017-09,201709,37,7,Sunday,Sun,1,0
20170918,2017-09-18,2017,Q3,2017-Q3,9,September,Sep,2017-09,201709,38,1,Monday,Mon,0,1
20170919,2017-09-19,2017,Q3,2017-Q3,9,September,Sep,2017-09,201709,38,2,Tuesday,Tue,0,1
20170920,2017-09-20,2017,Q3,2017-Q3,9,September,Sep,2017-09,201709,38,3,Wednesday,Wed,0,1
20170921,2017-09-21,2017,Q3,2017-Q3,9,September,Sep,2017-09,201709,38,4,Thursday,Thu,0,1
20170922,2017-09-22,2017,Q3,2017-Q3,9,September,Sep,2017-09,201709,38,5,Friday,Fri,0,1
20170923,2017-09-23,2017,Q3,2017-Q3,9,September,Sep,2017-09,201709,38,6,Saturday,Sat,1,0
20170924,2017-09-24,2017,Q3,2017-Q3,9,September,Sep,2017-09,201709,38,7,Sunday,Sun,1,0
20170925,2017-09-25,2017,Q3,2017-Q3,9,September,Sep,2017-09,201709,39,1,Monday,Mon,0,1
20170926,2017-09-26,2017,Q3,2017-Q3,9,September,Sep,2017-09,201709,39,2,Tuesday,Tue,0,1
20170927,2017-09-27,2017,Q3,2017-Q3,9,September,Sep,2017-09,201709,39,3,Wednesday,Wed,0,1
20170928,2017-09-28,2017,Q3,2017-Q3,9,September,Sep,2017-09,201709,39,4,Thursday,Thu,0,1
20170929,2017-09-29,2017,Q3,2017-Q3,9,September,Sep,2017-09,201709,39,5,Friday,Fri,0,1
20170930,2017-09-30,2017,Q3,2017-Q3,9,September,Sep,2017-09,201709,39,6,Saturday,Sat,1,0
20171001,2017-10-01,2017,Q4,2017-Q4,10,October,Oct,2017-10,201710,39,7,Sunday,Sun,1,0
20171002,2017-10-02,2017,Q4,2017-Q4,10,October,Oct,2017-10,201710,40,1,Monday,Mon,0,1
20171003,2017-10-03,2017,Q4,2017-Q4,10,October,Oct,2017-10,201710,40,2,Tuesday,Tue,0,1
20171004,2017-10-04,2017,Q4,2017-Q4,10,October,Oct,2017-10,201710,40,3,Wednesday,Wed,0,1
20171005,2017-10-05,2017,Q4,2017-Q4,10,October,Oct,2017-10,201710,40,4,Thursday,Thu,0,1
20171006,2017-10-06,2017,Q4,2017-Q4,10,October,Oct,2017-10,201710,40,5,Friday,Fri,0,1
20171007,2017-10-07,2017,Q4,2017-Q4,10,October,Oct,2017-10,201710,40,6,Saturday,Sat,1,0
20171008,2017-10-08,2017,Q4,2017-Q4,10,October,Oct,2017-10,201710,40,7,Sunday,Sun,1,0
20171009,2017-10-09,2017,Q4,2017-Q4,10,October,Oct,2017-10,201710,41,1,Monday,Mon,0,1
20171010,2017-10-10,2017,Q4,2017-Q4,10,October,Oct,2017-10,201710,41,2,Tuesday,Tue,0,1
20171011,2017-10-11,2017,Q4,2017-Q4,10,October,Oct,2017-10,201710,41,3,Wednesday,Wed,0,1
20171012,2017-10-12,2017,Q4,2017-Q4,10,October,Oct,2017-10,201710,41,4,Thursday,Thu,0,1
20171013,2017-10-13,2017,Q4,2017-Q4,10,October,Oct,2017-10,201710,41,5,Friday,Fri,0,1
20171014,2017-10-14,2017,Q4,2017-Q4,10,October,Oct,2017-10,201710,41,6,Saturday,Sat,1,0
20171015,2017-10-15,2017,Q4,2017-Q4,10,October,Oct,2017-10,201710,41,7,Sunday,Sun,1,0
20171016,2017-10-16,2017,Q4,2017-Q4,10,October,Oct,2017-10,201710,42,1,Monday,Mon,0,1
20171017,2017-10-17,2017,Q4,2017-Q4,10,October,Oct,2017-10,201710,42,2,Tuesday,Tue,0,1
20171018,2017-10-18,2017,Q4,2017-Q4,10,October,Oct,2017-10,201710,42,3,Wednesday,Wed,0,1
20171019,2017-10-19,2017,Q4,2017-Q4,10,October,Oct,2017-10,201710,42,4,Thursday,Thu,0,1
20171020,2017-10-20,2017,Q4,2017-Q4,10,October,Oct,2017-10,201710,42,5,Friday,Fri,0,1
20171021,2017-10-21,2017,Q4,2017-Q4,10,October,Oct,2017-10,201710,42,6,Saturday,Sat,1,0
20171022,2017-10-22,2017,Q4,2017-Q4,10,October,Oct,2017-10,201710,42,7,Sunday,Sun,1,0
20171023,2017-10-23,2017,Q4,2017-Q4,10,October,Oct,2017-10,201710,43,1,Monday,Mon,0,1
20171024,2017-10-24,2017,Q4,2017-Q4,10,October,Oct,2017-10,201710,43,2,Tuesday,Tue,0,1
20171025,2017-10-25,2017,Q4,2017-Q4,10,October,Oct,2017-10,201710,43,3,Wednesday,Wed,0,1
20171026,2017-10-26,2017,Q4,2017-Q4,10,October,Oct,2017-10,201710,43,4,Thursday,Thu,0,1
20171027,2017-10-27,2017,Q4,2017-Q4,10,October,Oct,2017-10,201710,43,5,Friday,Fri,0,1
20171028,2017-10-28,2017,Q4,2017-Q4,10,October,Oct,2017-10,201710,43,6,Saturday,Sat,1,0
20171029,2017-10-29,2017,Q4,2017-Q4,10,October,Oct,2017-10,201710,43,7,Sunday,Sun,1,0
20171030,2017-10-30,2017,Q4,2017-Q4,10,October,Oct,2017-10,201710,44,1,Monday,Mon,0,1
20171031,2017-10-31,2017,Q4,2017-Q4,10,October,Oct,2017-10,201710,44,2,Tuesday,Tue,0,1
20171101,2017-11-01,2017,Q4,2017-Q4,11,November,Nov,2017-11,201711,44,3,Wednesday,Wed,0,1
20171102,2017-11-02,2017,Q4,2017-Q4,11,November,Nov,2017-11,201711,44,4,Thursday,Thu,0,1
20171103,2017-11-03,2017,Q4,2017-Q4,11,November,Nov,2017-11,201711,44,5,Friday,Fri,0,1
20171104,2017-11-04,2017,Q4,2017-Q4,11,November,Nov,2017-11,201711,44,6,Saturday,Sat,1,0
20171105,2017-11-05,2017,Q4,2017-Q4,11,November,Nov,2017-11,201711,44,7,Sunday,Sun,1,0
20171106,2017-11-06,2017,Q4,2017-Q4,11,November,Nov,2017-11,201711,45,1,Monday,Mon,0,1
20171107,2017-11-07,2017,Q4,2017-Q4,11,November,Nov,2017-11,201711,45,2,Tuesday,Tue,0,1
20171108,2017-11-08,2017,Q4,2017-Q4,11,November,Nov,2017-11,201711,45,3,Wednesday,Wed,0,1
20171109,2017-11-09,2017,Q4,2017-Q4,11,November,Nov,2017-11,201711,45,4,Thursday,Thu,0,1
20171110,2017-11-10,2017,Q4,2017-Q4,11,November,Nov,2017-11,201711,45,5,Friday,Fri,0,1
20171111,2017-11-11,2017,Q4,2017-Q4,11,November,Nov,2017-11,201711,45,6,Saturday,Sat,1,0
20171112,2017-11-12,2017,Q4,2017-Q4,11,November,Nov,2017-11,201711,45,7,Sunday,Sun,1,0
20171113,2017-11-13,2017,Q4,2017-Q4,11,November,Nov,2017-11,201711,46,1,Monday,Mon,0,1
20171114,2017-11-14,2017,Q4,2017-Q4,11,November,Nov,2017-11,201711,46,2,Tuesday,Tue,0,1
20171115,2017-11-15,2017,Q4,2017-Q4,11,November,Nov,2017-11,201711,46,3,Wednesday,Wed,0,1
20171116,2017-11-16,2017,Q4,2017-Q4,11,November,Nov,2017-11,201711,46,4,Thursday,Thu,0,1
20171117,2017-11-17,2017,Q4,2017-Q4,11,November,Nov,2017-11,201711,46,5,Friday,Fri,0,1
20171118,2017-11-18,2017,Q4,2017-Q4,11,November,Nov,2017-11,201711,46,6,Saturday,Sat,1,0
20171119,2017-11-19,2017,Q4,2017-Q4,11,November,Nov,2017-11,201711,46,7,Sunday,Sun,1,0
20171120,2017-11-20,2017,Q4,2017-Q4,11,November,Nov,2017-11,201711,47,1,Monday,Mon,0,1
20171121,2017-11-21,2017,Q4,2017-Q4,11,November,Nov,2017-11,201711,47,2,Tuesday,Tue,0,1
20171122,2017-11-22,2017,Q4,2017-Q4,11,November,Nov,2017-11,201711,47,3,Wednesday,Wed,0,1
20171123,2017-11-23,2017,Q4,2017-Q4,11,November,Nov,2017-11,201711,47,4,Thursday,Thu,0,1
20171124,2017-11-24,2017,Q4,2017-Q4,11,November,Nov,2017-11,201711,47,5,Friday,Fri,0,1
20171125,2017-11-25,2017,Q4,2017-Q4,11,November,Nov,2017-11,201711,47,6,Saturday,Sat,1,0
20171126,2017-11-26,2017,Q4,2017-Q4,11,November,Nov,2017-11,201711,47,7,Sunday,Sun,1,0
20171127,2017-11-27,2017,Q4,2017-Q4,11,November,Nov,2017-11,201711,48,1,Monday,Mon,0,1
20171128,2017-11-28,2017,Q4,2017-Q4,11,November,Nov,2017-11,201711,48,2,Tuesday,Tue,0,1
20171129,2017-11-29,2017,Q4,2017-Q4,11,November,Nov,2017-11,201711,48,3,Wednesday,Wed,0,1
20171130,2017-11-30,2017,Q4,2017-Q4,11,November,Nov,2017-11,201711,48,4,Thursday,Thu,0,1
20171201,2017-12-01,2017,Q4,2017-Q4,12,December,Dec,2017-12,201712,48,5,Friday,Fri,0,1
20171202,2017-12-02,2017,Q4,2017-Q4,12,December,Dec,2017-12,201712,48,6,Saturday,Sat,1,0
20171203,2017-12-03,2017,Q4,2017-Q4,12,December,Dec,2017-12,201712,48,7,Sunday,Sun,1,0
20171204,2017-12-04,2017,Q4,2017-Q4,12,December,Dec,2017-12,201712,49,1,Monday,Mon,0,1
20171205,2017-12-05,2017,Q4,2017-Q4,12,December,Dec,2017-12,201712,49,2,Tuesday,Tue,0,1
20171206,2017-12-06,2017,Q4,2017-Q4,12,December,Dec,2017-12,201712,49,3,Wednesday,Wed,0,1
20171207,2017-12-07,2017,Q4,2017-Q4,12,December,Dec,2017-12,201712,49,4,Thursday,Thu,0,1
20171208,2017-12-08,2017,Q4,2017-Q4,12,December,Dec,2017-12,201712,49,5,Friday,Fri,0,1
20171209,2017-12-09,2017,Q4,2017-Q4,12,December,Dec,2017-12,201712,49,6,Saturday,Sat,1,0
20171210,2017-12-10,2017,Q4,2017-Q4,12,December,Dec,2017-12,201712,49,7,Sunday,Sun,1,0
20171211,2017-12-11,2017,Q4,2017-Q4,12,December,Dec,2017-12,201712,50,1,Monday,Mon,0,1
20171212,2017-12-12,2017,Q4,2017-Q4,12,December,Dec,2017-12,201712,50,2,Tuesday,Tue,0,1
20171213,2017-12-13,2017,Q4,2017-Q4,12,December,Dec,2017-12,201712,50,3,Wednesday,Wed,0,1
20171214,2017-12-14,2017,Q4,2017-Q4,12,December,Dec,2017-12,201712,50,4,Thursday,Thu,0,1
20171215,2017-12-15,2017,Q4,2017-Q4,12,December,Dec,2017-12,201712,50,5,Friday,Fri,0,1
20171216,2017-12-16,2017,Q4,2017-Q4,12,December,Dec,2017-12,201712,50,6,Saturday,Sat,1,0
20171217,2017-12-17,2017,Q4,2017-Q4,12,December,Dec,2017-12,201712,50,7,Sunday,Sun,1,0
20171218,2017-12-18,2017,Q4,2017-Q4,12,December,Dec,2017-12,201712,51,1,Monday,Mon,0,1
20171219,2017-12-19,2017,Q4,2017-Q4,12,December,Dec,2017-12,201712,51,2,Tuesday,Tue,0,1
20171220,2017-12-20,2017,Q4,2017-Q4,12,December,Dec,2017-12,201712,51,3,Wednesday,Wed,0,1
20171221,2017-12-21,2017,Q4,2017-Q4,12,December,Dec,2017-12,201712,51,4,Thursday,Thu,0,1
20171222,2017-12-22,2017,Q4,2017-Q4,12,December,Dec,2017-12,201712,51,5,Friday,Fri,0,1
20171223,2017-12-23,2017,Q4,2017-Q4,12,December,Dec,2017-12,201712,51,6,Saturday,Sat,1,0
20171224,2017-12-24,2017,Q4,2017-Q4,12,December,Dec,2017-12,201712,51,7,Sunday,Sun,1,0
20171225,2017-12-25,2017,Q4,2017-Q4,12,December,Dec,2017-12,201712,52,1,Monday,Mon,0,1
20171226,2017-12-26,2017,Q4,2017-Q4,12,December,Dec,2017-12,201712,52,2,Tuesday,Tue,0,1
20171227,2017-12-27,2017,Q4,2017-Q4,12,December,Dec,2017-12,201712,52,3,Wednesday,Wed,0,1
20171228,2017-12-28,2017,Q4,2017-Q4,12,December,Dec,2017-12,201712,52,4,Thursday,Thu,0,1
20171229,2017-12-29,2017,Q4,2017-Q4,12,December,Dec,2017-12,201712,52,5,Friday,Fri,0,1
20171230,2017-12-30,2017,Q4,2017-Q4,12,December,Dec,2017-12,201712,52,6,Saturday,Sat,1,0
20171231,2017-12-31,2017,Q4,2017-Q4,12,December,Dec,2017-12,201712,52,7,Sunday,Sun,1,0
